feature,importance,method
visual_defect_score,6.7831254,shap_mean_abs
porosity_risk,2.0203686,shap_mean_abs
focal_position_error_mm,1.7104582,shap_mean_abs
melt_pool_temp_c,1.5753407,shap_mean_abs
vibration_rms,0.7371076,shap_mean_abs
spatter_count,0.68199724,shap_mean_abs
lens_contamination_level,0.5075301,shap_mean_abs
time_since_lens_cleaning_h,0.46352395,shap_mean_abs
robot_path_error_mm,0.4338815,shap_mean_abs
bead_height_mm,0.36183012,shap_mean_abs
back_reflection_intensity,0.3582719,shap_mean_abs
laser_power_w,0.12088661,shap_mean_abs
plume_intensity,0.115662895,shap_mean_abs
shielding_gas_flow_l_min,0.029869677,shap_mean_abs
bead_width_mm,0.00937863,shap_mean_abs
welding_speed_mm_s,0.0072336225,shap_mean_abs
cooling_system_alarm,0.0,shap_mean_abs
