model,fold,mae,rmse,r2
xgboost,0,4.203872731088699,5.4527207052637925,0.8683119382427544
xgboost,1,3.7943736267974835,4.994721438061304,0.886960136924902
xgboost,2,4.568270081299859,6.1379019594240445,0.7907165117290582
xgboost,3,4.703037597420668,6.224033102227444,0.8339751706296247
xgboost,4,4.4651115428137205,5.858961984116916,0.8199531425812934
random_forest,0,3.8817936373935105,5.194059832649546,0.8805093852404928
random_forest,1,3.7073138496384175,4.948186376016555,0.8890566751677885
random_forest,2,4.3754716255714365,5.950751056916795,0.8032844751757676
random_forest,3,4.37616024735773,5.89280900628114,0.851175653029616
random_forest,4,4.389658227433978,5.735577316856282,0.8274565560159418
mlp,0,6.00199122096035,7.503428820293209,0.7506327400328097
mlp,1,5.690382885260272,7.3177381595126105,0.7573597694518425
mlp,2,6.280944727324646,8.075460459604999,0.6377322605868017
mlp,3,6.929068691167901,9.418236344948577,0.6198382446699893
mlp,4,6.437877646471547,8.026749365450627,0.6620724574699048
hist_gradient_boosting,0,3.761347061559701,5.087165694637741,0.8853770277432874
hist_gradient_boosting,1,3.595241549443034,4.769350724182159,0.8969311099058366
hist_gradient_boosting,2,4.250180855186964,5.763114976124377,0.8154943630861609
hist_gradient_boosting,3,4.228660578574391,5.672613322970598,0.8620900451412655
hist_gradient_boosting,4,4.342645477281819,5.689784750122746,0.8302007142109812
