rows,mae,conformal_radius_90,interval_coverage,ece,low_uncertainty_mae,high_uncertainty_mae,uncertainty_error_spearman,split,seed
1240,4.665023286420802,10.364224710327886,0.9,0.4916900437593861,3.783186121853645,6.23338467368559,0.20758728800656934,calibration,11
1240,4.4707155675720935,10.364224710327886,0.9137096774193548,0.5138867814697796,3.2691882111445496,5.401818134258965,0.19524062746423948,test,11
1080,11.266455055403574,10.364224710327886,0.5444444444444444,0.5923709256208461,10.573096392183551,8.58955113974929,-0.16414261138579317,ood,11
1240,4.104747222497589,9.301961809246219,0.9,0.46789586855134363,2.616490455920559,5.627351482140731,0.31571850322399386,calibration,22
1240,3.5807773919055013,9.301961809246219,0.9370967741935484,0.46730959318175885,2.6014204244699157,4.637718935398642,0.23080998781321593,test,22
1080,9.764870838996131,9.301961809246219,0.5675925925925925,0.608448944978771,11.552091564712978,5.918311893329199,-0.26149628043233913,ood,22
1240,4.59965871154974,9.722112948546823,0.9,0.47802300859439223,3.393351779739597,6.548272409291843,0.22483812371987003,calibration,33
1240,4.924329079412656,9.722112948546823,0.8790322580645161,0.536855499534147,4.08801257397763,5.927039119331458,0.13433659000273346,test,33
1080,11.808231964401871,9.722112948546823,0.49722222222222223,0.5908768039264343,13.09883390561225,8.835790556329831,-0.2013255326864992,ood,33
1240,4.350351837622356,10.005675820565658,0.9,0.48113020148883867,2.5975192762465453,5.763172669679265,0.3268292150252104,calibration,44
1240,4.616773517667986,10.005675820565658,0.8895161290322581,0.4787630929871713,2.8476797517023997,6.00629217687744,0.29425418586737107,test,44
1080,10.086037977594431,10.005675820565658,0.5787037037037037,0.5995607738898424,10.076166251219922,6.650875528048427,-0.1791762224304604,ood,44
1240,4.567613148366961,10.154930272461176,0.9,0.48142383019138585,3.18413808757033,5.513506733807996,0.23699548409880522,calibration,55
1240,4.324414549385653,10.154930272461176,0.9266129032258065,0.49909954798276884,2.867773346360067,5.49315824748323,0.24943991332611598,test,55
1080,9.641275228074125,10.154930272461176,0.6055555555555555,0.6044573783179855,7.8752121800283295,8.464325709093787,0.053779405198773694,ood,55
