budget,mode,rows,review_rate,override_rate,high_risk_recall_before,high_risk_recall_after,risky_decisions
0.1,random_review,2320.0,0.1,0.032327586206896554,0.0,0.10839160839160839,255.0
0.1,uncertainty_triggered,2320.0,0.1,0.023706896551724137,0.0,0.07342657342657342,265.0
0.15,random_review,2320.0,0.15,0.052586206896551725,0.0,0.14685314685314685,244.0
0.15,uncertainty_triggered,2320.0,0.15,0.04051724137931034,0.0,0.19230769230769232,231.0
0.25,random_review,2320.0,0.25,0.07931034482758621,0.0,0.25524475524475526,213.0
0.25,uncertainty_triggered,2320.0,0.25,0.06594827586206897,0.0,0.5314685314685315,134.0
0.35,random_review,2320.0,0.35,0.10172413793103448,0.0,0.36363636363636365,182.0
0.35,uncertainty_triggered,2320.0,0.35,0.0935344827586207,0.0,0.993006993006993,2.0
0.5,random_review,2320.0,0.5,0.15344827586206897,0.0,0.5209790209790209,137.0
0.5,uncertainty_triggered,2320.0,0.5,0.12844827586206897,0.0,1.0,0.0
0.0,no_review,2320.0,0.0,0.0,0.0,0.0,286.0
1.0,all_review,2320.0,1.0,0.32413793103448274,0.0,1.0,0.0
