policy,seed,episode,case_id,reward,downtime,cost,failures,unnecessary,reviewed,resource_blocked,steps
ppo_trained,11,0,case_11_0027,-955.1743246429826,0.0,0.0,20.0,0.0,1.0,0.0,40
ppo_trained,11,1,case_11_0041,-597.9067988238415,0.0,0.0,13.0,0.0,0.0,0.0,40
ppo_trained,11,2,case_11_0049,-906.1504243624665,0.0,0.0,19.0,0.0,2.0,0.0,40
ppo_trained,11,3,case_11_0052,-1015.3612916785216,0.0,0.0,21.0,0.0,27.0,0.0,40
ppo_trained,11,4,case_11_0056,-501.9145071933466,0.0,0.0,11.0,0.0,0.0,0.0,40
ppo_trained,11,5,case_11_0071,-866.1139955397136,0.0,0.0,18.0,0.0,16.0,0.0,40
ppo_trained,11,6,case_11_0077,-907.7898480711845,0.0,0.0,19.0,0.0,10.0,0.0,40
ppo_trained,11,7,case_11_0085,-1123.9830346863164,0.0,0.0,23.0,0.0,23.0,0.0,40
ppo_trained,11,8,case_11_0087,-548.6490824302474,0.0,0.0,12.0,0.0,0.0,0.0,40
ppo_trained,11,9,case_11_0094,-548.7765076676374,0.0,0.0,12.0,0.0,0.0,0.0,40
ppo_trained,11,10,case_11_0096,-908.2007442052434,0.0,0.0,19.0,0.0,10.0,0.0,40
ppo_trained,11,11,case_11_0099,-953.7303101784256,0.0,0.0,20.0,0.0,9.0,0.0,40
ppo_trained,11,12,case_11_0107,-947.2973405954318,0.0,0.0,20.0,0.0,4.0,0.0,40
ppo_trained,11,13,case_11_0108,-907.5520585900355,0.0,0.0,19.0,0.0,8.0,0.0,40
ppo_trained,11,14,case_11_0109,-865.8324652462184,0.0,0.0,18.0,0.0,17.0,0.0,40
ppo_trained,11,15,case_11_0110,-1058.4259421240642,0.0,0.0,22.0,0.0,12.0,0.0,40
ppo_trained,11,16,case_11_0120,-1063.6570883423583,0.0,0.0,22.0,0.0,15.0,0.0,40
ppo_trained,11,17,case_11_0121,-958.0813453767562,0.0,0.0,20.0,0.0,19.0,0.0,40
ppo_trained,11,18,case_11_0124,-1052.8857007458678,0.0,0.0,22.0,0.0,4.0,0.0,40
ppo_trained,11,19,case_11_0127,-550.6937284185063,0.0,0.0,12.0,0.0,0.0,0.0,40
ppo_trained,22,0,case_22_0027,-549.1916672412469,0.0,0.0,12.0,0.0,0.0,0.0,40
ppo_trained,22,1,case_22_0030,-499.04621112771076,0.0,0.0,11.0,0.0,0.0,0.0,40
ppo_trained,22,2,case_22_0040,-453.54648809654066,0.0,0.0,10.0,0.0,2.0,0.0,40
ppo_trained,22,3,case_22_0044,-553.346056415336,0.0,0.0,12.0,0.0,3.0,0.0,40
ppo_trained,22,4,case_22_0051,-1013.2993815274426,0.0,0.0,21.0,0.0,16.0,0.0,40
ppo_trained,22,5,case_22_0052,-868.4773463364788,0.0,0.0,18.0,0.0,14.0,0.0,40
ppo_trained,22,6,case_22_0063,-453.5780261395658,0.0,0.0,10.0,0.0,0.0,0.0,40
ppo_trained,22,7,case_22_0065,-967.3626387707499,0.0,0.0,20.0,0.0,28.0,0.0,40
ppo_trained,22,8,case_22_0067,-957.5551702524525,0.0,0.0,20.0,0.0,17.0,0.0,40
ppo_trained,22,9,case_22_0075,-1114.6067302174922,0.0,0.0,23.0,0.0,39.0,0.0,40
ppo_trained,22,10,case_22_0082,-591.3796296691332,0.0,0.0,13.0,0.0,0.0,0.0,40
ppo_trained,22,11,case_22_0091,-959.3875973258041,0.0,0.0,20.0,0.0,22.0,0.0,40
ppo_trained,22,12,case_22_0092,-503.76989335255803,0.0,0.0,11.0,0.0,1.0,0.0,40
ppo_trained,22,13,case_22_0096,-502.5545337746151,0.0,0.0,11.0,0.0,1.0,0.0,40
ppo_trained,22,14,case_22_0098,-854.1852143188635,0.0,0.0,18.0,0.0,11.0,0.0,40
ppo_trained,22,15,case_22_0104,-505.85992622006637,0.0,0.0,11.0,0.0,1.0,0.0,40
ppo_trained,22,16,case_22_0111,-1154.3966276487913,0.0,0.0,24.0,0.0,28.0,0.0,40
ppo_trained,22,17,case_22_0113,-908.5418416074662,0.0,0.0,19.0,0.0,15.0,0.0,40
ppo_trained,22,18,case_22_0117,-1010.9827506490838,0.0,0.0,21.0,0.0,27.0,0.0,40
ppo_trained,22,19,case_22_0118,-1029.3584635192724,0.0,0.0,21.0,0.0,26.0,0.0,40
ppo_trained,33,0,case_33_0037,-808.9021870506374,0.0,0.0,17.0,0.0,1.0,0.0,40
ppo_trained,33,1,case_33_0038,-1105.2191257317083,0.0,0.0,23.0,0.0,2.0,0.0,40
ppo_trained,33,2,case_33_0043,-1062.851815301871,0.0,0.0,22.0,0.0,12.0,0.0,40
ppo_trained,33,3,case_33_0054,-860.561362305845,0.0,0.0,18.0,0.0,7.0,0.0,40
ppo_trained,33,4,case_33_0055,-966.0955879644682,0.0,0.0,20.0,0.0,21.0,0.0,40
ppo_trained,33,5,case_33_0057,-915.2380145800727,0.0,0.0,19.0,0.0,9.0,0.0,40
ppo_trained,33,6,case_33_0058,-1062.4413287750313,0.0,0.0,22.0,0.0,19.0,0.0,40
ppo_trained,33,7,case_33_0080,-952.2184058353672,0.0,0.0,20.0,0.0,3.0,0.0,40
ppo_trained,33,8,case_33_0081,-590.8016665145118,0.0,0.0,13.0,0.0,0.0,0.0,40
ppo_trained,33,9,case_33_0083,-1106.8064036431429,0.0,0.0,23.0,0.0,20.0,0.0,40
ppo_trained,33,10,case_33_0089,-814.7529248490072,0.0,0.0,17.0,0.0,7.0,0.0,40
ppo_trained,33,11,case_33_0093,-858.3300362448027,0.0,0.0,18.0,0.0,5.0,0.0,40
ppo_trained,33,12,case_33_0098,-1057.4825476681249,0.0,0.0,22.0,0.0,16.0,0.0,40
ppo_trained,33,13,case_33_0102,-948.661879408082,0.0,0.0,20.0,0.0,0.0,0.0,40
ppo_trained,33,14,case_33_0105,-1000.9041735946687,0.0,0.0,21.0,0.0,7.0,0.0,40
ppo_trained,33,15,case_33_0109,-956.1237724568532,0.0,0.0,20.0,0.0,9.0,0.0,40
ppo_trained,33,16,case_33_0121,-1106.5860346790164,0.0,0.0,23.0,0.0,18.0,0.0,40
ppo_trained,33,17,case_33_0122,-1053.4893406842357,0.0,0.0,22.0,0.0,6.0,0.0,40
ppo_trained,33,18,case_33_0125,-1058.9091643682707,0.0,0.0,22.0,0.0,21.0,0.0,40
ppo_trained,33,19,case_33_0130,-1016.9908639105489,0.0,0.0,21.0,0.0,10.0,0.0,40
ppo_trained,44,0,case_44_0030,-904.3768556965492,0.0,0.0,19.0,0.0,7.0,0.0,40
ppo_trained,44,1,case_44_0031,-860.3509258763166,0.0,0.0,18.0,0.0,8.0,0.0,40
ppo_trained,44,2,case_44_0032,-953.347772843965,0.0,0.0,20.0,0.0,4.0,0.0,40
ppo_trained,44,3,case_44_0037,-452.743942977738,0.0,0.0,10.0,0.0,0.0,0.0,40
ppo_trained,44,4,case_44_0049,-1230.053476009626,0.0,0.0,25.0,0.0,33.0,0.0,40
ppo_trained,44,5,case_44_0052,-551.7416343264013,0.0,0.0,12.0,0.0,0.0,0.0,40
ppo_trained,44,6,case_44_0053,-857.2618433307142,0.0,0.0,18.0,0.0,9.0,0.0,40
ppo_trained,44,7,case_44_0054,-707.2006518452862,0.0,0.0,15.0,0.0,3.0,0.0,40
ppo_trained,44,8,case_44_0058,-1120.9677824449277,0.0,0.0,23.0,0.0,24.0,0.0,40
ppo_trained,44,9,case_44_0065,-909.585407357261,0.0,0.0,19.0,0.0,20.0,0.0,40
ppo_trained,44,10,case_44_0083,-548.472306046549,0.0,0.0,12.0,0.0,0.0,0.0,40
ppo_trained,44,11,case_44_0084,-505.02420013334995,0.0,0.0,11.0,0.0,0.0,0.0,40
ppo_trained,44,12,case_44_0090,-542.1483452971415,0.0,0.0,12.0,0.0,0.0,0.0,40
ppo_trained,44,13,case_44_0094,-541.4800694417498,0.0,0.0,12.0,0.0,0.0,0.0,40
ppo_trained,44,14,case_44_0096,-860.6912328336645,0.0,0.0,18.0,0.0,11.0,0.0,40
ppo_trained,44,15,case_44_0100,-947.5387375084056,0.0,0.0,20.0,0.0,3.0,0.0,40
ppo_trained,44,16,case_44_0102,-999.3808024645014,0.0,0.0,21.0,0.0,17.0,0.0,40
ppo_trained,44,17,case_44_0112,-508.12843422169146,0.0,0.0,11.0,0.0,0.0,0.0,40
ppo_trained,44,18,case_44_0115,-595.6249884927798,0.0,0.0,13.0,0.0,0.0,0.0,40
ppo_trained,44,19,case_44_0119,-807.6245504789031,0.0,0.0,17.0,0.0,4.0,0.0,40
ppo_trained,55,0,case_55_0033,-1011.4544067457978,0.0,0.0,21.0,0.0,11.0,0.0,40
ppo_trained,55,1,case_55_0038,-1133.1056708775739,0.0,0.0,23.0,0.0,26.0,0.0,40
ppo_trained,55,2,case_55_0041,-591.9804090272191,0.0,0.0,13.0,0.0,0.0,0.0,40
ppo_trained,55,3,case_55_0042,-1065.895551999284,0.0,0.0,22.0,0.0,23.0,0.0,40
ppo_trained,55,4,case_55_0044,-912.7401989235532,0.0,0.0,19.0,0.0,22.0,0.0,40
ppo_trained,55,5,case_55_0046,-1030.953299855469,0.0,0.0,21.0,0.0,20.0,0.0,40
ppo_trained,55,6,case_55_0048,-457.4454183962592,0.0,0.0,10.0,0.0,0.0,0.0,40
ppo_trained,55,7,case_55_0049,-911.3970797082494,0.0,0.0,19.0,0.0,13.0,0.0,40
ppo_trained,55,8,case_55_0051,-997.9183516962737,0.0,0.0,21.0,0.0,4.0,0.0,40
ppo_trained,55,9,case_55_0053,-805.662849502129,0.0,0.0,17.0,0.0,3.0,0.0,40
ppo_trained,55,10,case_55_0061,-1120.859380872673,0.0,0.0,23.0,0.0,28.0,0.0,40
ppo_trained,55,11,case_55_0068,-1017.3813714924008,0.0,0.0,21.0,0.0,24.0,0.0,40
ppo_trained,55,12,case_55_0069,-498.39681500076915,0.0,0.0,11.0,0.0,1.0,0.0,40
ppo_trained,55,13,case_55_0076,-977.0174136264149,0.0,0.0,20.0,0.0,22.0,0.0,40
ppo_trained,55,14,case_55_0083,-504.2481354871143,0.0,0.0,11.0,0.0,0.0,0.0,40
ppo_trained,55,15,case_55_0086,-1012.4277766358448,0.0,0.0,21.0,0.0,20.0,0.0,40
ppo_trained,55,16,case_55_0097,-543.9784325003462,0.0,0.0,12.0,0.0,0.0,0.0,40
ppo_trained,55,17,case_55_0102,-592.9962635904043,0.0,0.0,13.0,0.0,0.0,0.0,40
ppo_trained,55,18,case_55_0115,-995.730566064333,0.0,0.0,21.0,0.0,2.0,0.0,40
ppo_trained,55,19,case_55_0128,-1218.744524885471,0.0,0.0,25.0,0.0,28.0,0.0,40
