reward,downtime,cost,failures,unnecessary,reviewed,resource_blocked,policy,case_id,seed,steps,variant,provenance_available
-44.0964604628797,15.741291288753839,14.372276403287557,0.0,31.0,1.0,3.0,full_orchestra,case_11_0027,11,40,full_orchestra,1
-5.321391298123283,7.873432026835775,6.324425086827153,0.0,14.0,0.0,1.0,full_orchestra,case_11_0041,12,40,full_orchestra,1
-41.75088787979522,14.223545411380641,12.868638981312113,0.0,31.0,2.0,4.0,full_orchestra,case_11_0049,13,40,full_orchestra,1
-55.656001040873186,22.184186897023245,22.780423186032788,0.0,33.0,27.0,4.0,full_orchestra,case_11_0052,14,40,full_orchestra,1
-8.740773704014018,8.897710968369724,7.497396446849605,0.0,21.0,0.0,0.0,full_orchestra,case_11_0056,15,40,full_orchestra,1
-53.44119593789125,17.812316837124634,17.455079588585924,0.0,39.0,16.0,6.0,full_orchestra,case_11_0071,16,40,full_orchestra,1
-49.02180478661293,16.915266848786086,16.57796241353038,0.0,36.0,10.0,3.0,full_orchestra,case_11_0077,17,40,full_orchestra,1
-58.24711904931251,22.997380416518922,23.85680062930817,0.0,33.0,23.0,7.0,full_orchestra,case_11_0085,18,40,full_orchestra,1
-0.9132249101941006,6.9592351764656275,5.524510776231171,0.0,12.0,0.0,0.0,full_orchestra,case_11_0087,19,40,full_orchestra,1
-1.964664912577543,6.45161012431472,5.3496811211523125,0.0,15.0,0.0,0.0,full_orchestra,case_11_0094,20,40,full_orchestra,1
-46.53091067897859,17.109484163318896,16.016108409547552,0.0,34.0,10.0,3.0,full_orchestra,case_11_0096,21,40,full_orchestra,1
-46.52532339337206,16.54390645247602,15.544574985140464,0.0,33.0,9.0,6.0,full_orchestra,case_11_0099,22,40,full_orchestra,1
-39.194549855168226,13.001588512422938,11.764181260199617,0.0,30.0,4.0,1.0,full_orchestra,case_11_0107,23,40,full_orchestra,1
-49.03593247629856,16.83737514776803,15.776737861187474,0.0,35.0,8.0,5.0,full_orchestra,case_11_0108,24,40,full_orchestra,1
-52.11757893040043,18.093992023667077,18.020577435134076,0.0,37.0,17.0,4.0,full_orchestra,case_11_0109,25,40,full_orchestra,1
-47.06599446268077,18.798459245378982,17.736300433309196,0.0,27.0,12.0,2.0,full_orchestra,case_11_0110,26,40,full_orchestra,1
-55.538173309575555,20.548186945750416,19.798782087838433,0.0,33.0,15.0,4.0,full_orchestra,case_11_0120,27,40,full_orchestra,1
-53.234854587856795,19.46108612553725,18.946713947897788,0.0,34.0,19.0,6.0,full_orchestra,case_11_0121,28,40,full_orchestra,1
-33.41724736053251,14.879362172509813,14.01403317755986,0.0,18.0,4.0,1.0,full_orchestra,case_11_0124,29,40,full_orchestra,1
-8.10182287535759,8.70797050661281,7.214907109132635,0.0,19.0,0.0,0.0,full_orchestra,case_11_0127,30,40,full_orchestra,1
-656.4355395158592,1.899308078101187,1.24134729697951,14.0,0.0,1.0,0.0,without_review,case_11_0027,11,40,without_review,1
-583.633018403681,0.0,0.0,13.0,0.0,0.0,0.0,without_review,case_11_0041,12,40,without_review,1
-608.2678487470615,1.9175110743881265,1.2551952476063155,13.0,0.0,2.0,0.0,without_review,case_11_0049,13,40,without_review,1
-526.8695967736426,2.620108683522639,1.9116071756685171,11.0,0.0,27.0,0.0,without_review,case_11_0052,14,40,without_review,1
-489.4056184700967,0.0,0.0,11.0,0.0,0.0,0.0,without_review,case_11_0056,15,40,without_review,1
-563.1761124208082,2.049220416694023,1.3775199717205004,12.0,0.0,16.0,0.0,without_review,case_11_0071,16,40,without_review,1
-700.1055729664707,1.5347503889783083,1.1455964606818427,15.0,0.0,10.0,0.0,without_review,case_11_0077,17,40,without_review,1
-253.5529370286584,3.7723585549050234,2.7210124527438526,5.0,0.0,23.0,0.0,without_review,case_11_0085,18,40,without_review,1
-537.2034619964779,0.0,0.0,12.0,0.0,0.0,0.0,without_review,case_11_0087,19,40,without_review,1
-537.3527806067074,0.0,0.0,12.0,0.0,0.0,0.0,without_review,case_11_0094,20,40,without_review,1
-743.9058286988693,1.9219420389696482,1.243089619969391,16.0,0.0,10.0,0.0,without_review,case_11_0096,21,40,without_review,1
-744.5789434564839,1.6587343607604634,1.1655942477555172,16.0,0.0,9.0,0.0,without_review,case_11_0099,22,40,without_review,1
-880.3567624010972,1.2096768168500711,0.9442555686028775,19.0,0.0,4.0,0.0,without_review,case_11_0107,23,40,without_review,1
-788.2280589471653,1.0947429075545168,0.753230096713598,17.0,0.0,8.0,0.0,without_review,case_11_0108,24,40,without_review,1
-519.9860854285581,2.034245940509779,1.4993060550893467,11.0,0.0,17.0,0.0,without_review,case_11_0109,25,40,without_review,1
-15.35600275322381,3.5082999285187113,2.4030202585822265,0.0,1.0,12.0,0.0,without_review,case_11_0110,26,40,without_review,1
-22.282039832869707,4.478070746814073,3.1905791531830334,0.0,0.0,15.0,0.0,without_review,case_11_0120,27,40,without_review,1
-704.5479683115001,2.634369704843284,1.6667176530260337,15.0,0.0,19.0,0.0,without_review,case_11_0121,28,40,without_review,1
-844.834585989769,2.0931068334688536,1.378657482010992,18.0,0.0,4.0,0.0,without_review,case_11_0124,29,40,without_review,1
-535.4534036224636,0.0,0.0,12.0,0.0,0.0,0.0,without_review,case_11_0127,30,40,without_review,1
-9.234441316006915,5.1589239649488645,3.771767121380459,0.0,2.0,1.0,0.0,without_ppo,case_11_0027,11,40,without_ppo,1
8.54520092629416,3.552722113192409,2.4501105239423633,0.0,2.0,0.0,0.0,without_ppo,case_11_0041,12,40,without_ppo,1
-12.439526599614378,5.157492300629051,3.687602346350281,0.0,4.0,2.0,0.0,without_ppo,case_11_0049,13,40,without_ppo,1
-16.713331595420588,8.97421523669049,7.898599674500104,0.0,6.0,27.0,0.0,without_ppo,case_11_0052,14,40,without_ppo,1
0.7623045865771074,3.2528698116338535,2.193228710721784,0.0,0.0,0.0,0.0,without_ppo,case_11_0056,15,40,without_ppo,1
-18.512099743146415,7.636918901333521,6.243901340837364,0.0,10.0,16.0,0.0,without_ppo,case_11_0071,16,40,without_ppo,1
-12.19539420288792,6.436033410259766,5.300362362201286,0.0,6.0,10.0,0.0,without_ppo,case_11_0077,17,40,without_ppo,1
-23.280772856797974,9.203774866478529,7.777521539097049,0.0,2.0,23.0,0.0,without_ppo,case_11_0085,18,40,without_ppo,1
0.5016278215129231,2.6130489256642178,1.7220032733596942,0.0,0.0,0.0,0.0,without_ppo,case_11_0087,19,40,without_ppo,1
0.5806506101831458,2.123753506712445,1.5103270454594444,0.0,0.0,0.0,0.0,without_ppo,case_11_0094,20,40,without_ppo,1
-13.320322527363178,6.603578844967069,5.036576537676177,0.0,6.0,10.0,0.0,without_ppo,case_11_0096,21,40,without_ppo,1
-9.333393358945996,5.250319029231905,3.9445692636506937,0.0,2.0,9.0,0.0,without_ppo,case_11_0099,22,40,without_ppo,1
-11.786432058949512,4.962980883701197,3.7787168540804332,0.0,4.0,4.0,0.0,without_ppo,case_11_0107,23,40,without_ppo,1
-13.98141152304895,6.119546398296999,4.7364144085417825,0.0,4.0,8.0,0.0,without_ppo,case_11_0108,24,40,without_ppo,1
-15.98845171733114,7.474058524829929,6.43698254806877,0.0,10.0,17.0,0.0,without_ppo,case_11_0109,25,40,without_ppo,1
-16.45481888590055,7.219929287556341,5.550838367761527,0.0,2.0,12.0,0.0,without_ppo,case_11_0110,26,40,without_ppo,1
-18.254966318557205,8.88924198407271,7.024659994709637,0.0,1.0,15.0,0.0,without_ppo,case_11_0120,27,40,without_ppo,1
-15.46486398010892,8.445887776534859,6.728669942463968,0.0,6.0,19.0,0.0,without_ppo,case_11_0121,28,40,without_ppo,1
-16.515854420761983,5.328045979701466,4.087048810716711,0.0,2.0,4.0,0.0,without_ppo,case_11_0124,29,40,without_ppo,1
14.664127209782867,3.288500784163843,2.303630910074873,0.0,2.0,0.0,0.0,without_ppo,case_11_0127,30,40,without_ppo,1
-9.234441316006915,5.1589239649488645,3.771767121380459,0.0,2.0,1.0,0.0,without_xgboost,case_11_0027,11,40,without_xgboost,1
8.54520092629416,3.552722113192409,2.4501105239423633,0.0,2.0,0.0,0.0,without_xgboost,case_11_0041,12,40,without_xgboost,1
-12.439526599614378,5.157492300629051,3.687602346350281,0.0,4.0,2.0,0.0,without_xgboost,case_11_0049,13,40,without_xgboost,1
-16.713331595420588,8.97421523669049,7.898599674500104,0.0,6.0,27.0,0.0,without_xgboost,case_11_0052,14,40,without_xgboost,1
0.7623045865771074,3.2528698116338535,2.193228710721784,0.0,0.0,0.0,0.0,without_xgboost,case_11_0056,15,40,without_xgboost,1
-18.512099743146415,7.636918901333521,6.243901340837364,0.0,10.0,16.0,0.0,without_xgboost,case_11_0071,16,40,without_xgboost,1
-12.19539420288792,6.436033410259766,5.300362362201286,0.0,6.0,10.0,0.0,without_xgboost,case_11_0077,17,40,without_xgboost,1
-19.280772856797977,9.203774866478529,7.777521539097049,0.0,2.0,23.0,0.0,without_xgboost,case_11_0085,18,40,without_xgboost,1
0.5016278215129231,2.6130489256642178,1.7220032733596942,0.0,0.0,0.0,0.0,without_xgboost,case_11_0087,19,40,without_xgboost,1
0.5806506101831458,2.123753506712445,1.5103270454594444,0.0,0.0,0.0,0.0,without_xgboost,case_11_0094,20,40,without_xgboost,1
-13.320322527363178,6.603578844967069,5.036576537676177,0.0,6.0,10.0,0.0,without_xgboost,case_11_0096,21,40,without_xgboost,1
-9.333393358945996,5.250319029231905,3.9445692636506937,0.0,2.0,9.0,0.0,without_xgboost,case_11_0099,22,40,without_xgboost,1
-11.786432058949512,4.962980883701197,3.7787168540804332,0.0,4.0,4.0,0.0,without_xgboost,case_11_0107,23,40,without_xgboost,1
-13.98141152304895,6.119546398296999,4.7364144085417825,0.0,4.0,8.0,0.0,without_xgboost,case_11_0108,24,40,without_xgboost,1
-15.98845171733114,7.474058524829929,6.43698254806877,0.0,10.0,17.0,0.0,without_xgboost,case_11_0109,25,40,without_xgboost,1
-16.45481888590055,7.219929287556341,5.550838367761527,0.0,2.0,12.0,0.0,without_xgboost,case_11_0110,26,40,without_xgboost,1
-18.254966318557205,8.88924198407271,7.024659994709637,0.0,1.0,15.0,0.0,without_xgboost,case_11_0120,27,40,without_xgboost,1
-15.46486398010892,8.445887776534859,6.728669942463968,0.0,6.0,19.0,0.0,without_xgboost,case_11_0121,28,40,without_xgboost,1
-16.515854420761983,5.328045979701466,4.087048810716711,0.0,2.0,4.0,0.0,without_xgboost,case_11_0124,29,40,without_xgboost,1
14.664127209782867,3.288500784163843,2.303630910074873,0.0,2.0,0.0,0.0,without_xgboost,case_11_0127,30,40,without_xgboost,1
-656.4355395158592,1.899308078101187,1.24134729697951,14.0,0.0,1.0,0.0,without_uncertainty_trigger,case_11_0027,11,40,without_uncertainty_trigger,1
-583.633018403681,0.0,0.0,13.0,0.0,0.0,0.0,without_uncertainty_trigger,case_11_0041,12,40,without_uncertainty_trigger,1
-608.2678487470615,1.9175110743881265,1.2551952476063155,13.0,0.0,2.0,0.0,without_uncertainty_trigger,case_11_0049,13,40,without_uncertainty_trigger,1
-526.8695967736426,2.620108683522639,1.9116071756685171,11.0,0.0,27.0,0.0,without_uncertainty_trigger,case_11_0052,14,40,without_uncertainty_trigger,1
-489.4056184700967,0.0,0.0,11.0,0.0,0.0,0.0,without_uncertainty_trigger,case_11_0056,15,40,without_uncertainty_trigger,1
-563.1761124208082,2.049220416694023,1.3775199717205004,12.0,0.0,16.0,0.0,without_uncertainty_trigger,case_11_0071,16,40,without_uncertainty_trigger,1
-700.1055729664707,1.5347503889783083,1.1455964606818427,15.0,0.0,10.0,0.0,without_uncertainty_trigger,case_11_0077,17,40,without_uncertainty_trigger,1
-253.5529370286584,3.7723585549050234,2.7210124527438526,5.0,0.0,23.0,0.0,without_uncertainty_trigger,case_11_0085,18,40,without_uncertainty_trigger,1
-537.2034619964779,0.0,0.0,12.0,0.0,0.0,0.0,without_uncertainty_trigger,case_11_0087,19,40,without_uncertainty_trigger,1
-537.3527806067074,0.0,0.0,12.0,0.0,0.0,0.0,without_uncertainty_trigger,case_11_0094,20,40,without_uncertainty_trigger,1
-743.9058286988693,1.9219420389696482,1.243089619969391,16.0,0.0,10.0,0.0,without_uncertainty_trigger,case_11_0096,21,40,without_uncertainty_trigger,1
-744.5789434564839,1.6587343607604634,1.1655942477555172,16.0,0.0,9.0,0.0,without_uncertainty_trigger,case_11_0099,22,40,without_uncertainty_trigger,1
-880.3567624010972,1.2096768168500711,0.9442555686028775,19.0,0.0,4.0,0.0,without_uncertainty_trigger,case_11_0107,23,40,without_uncertainty_trigger,1
-788.2280589471653,1.0947429075545168,0.753230096713598,17.0,0.0,8.0,0.0,without_uncertainty_trigger,case_11_0108,24,40,without_uncertainty_trigger,1
-519.9860854285581,2.034245940509779,1.4993060550893467,11.0,0.0,17.0,0.0,without_uncertainty_trigger,case_11_0109,25,40,without_uncertainty_trigger,1
-15.35600275322381,3.5082999285187113,2.4030202585822265,0.0,1.0,12.0,0.0,without_uncertainty_trigger,case_11_0110,26,40,without_uncertainty_trigger,1
-22.282039832869707,4.478070746814073,3.1905791531830334,0.0,0.0,15.0,0.0,without_uncertainty_trigger,case_11_0120,27,40,without_uncertainty_trigger,1
-704.5479683115001,2.634369704843284,1.6667176530260337,15.0,0.0,19.0,0.0,without_uncertainty_trigger,case_11_0121,28,40,without_uncertainty_trigger,1
-844.834585989769,2.0931068334688536,1.378657482010992,18.0,0.0,4.0,0.0,without_uncertainty_trigger,case_11_0124,29,40,without_uncertainty_trigger,1
-535.4534036224636,0.0,0.0,12.0,0.0,0.0,0.0,without_uncertainty_trigger,case_11_0127,30,40,without_uncertainty_trigger,1
-44.0964604628797,15.741291288753839,14.372276403287557,0.0,31.0,1.0,3.0,without_provenance,case_11_0027,11,40,without_provenance,0
-5.321391298123283,7.873432026835775,6.324425086827153,0.0,14.0,0.0,1.0,without_provenance,case_11_0041,12,40,without_provenance,0
-41.75088787979522,14.223545411380641,12.868638981312113,0.0,31.0,2.0,4.0,without_provenance,case_11_0049,13,40,without_provenance,0
-55.656001040873186,22.184186897023245,22.780423186032788,0.0,33.0,27.0,4.0,without_provenance,case_11_0052,14,40,without_provenance,0
-8.740773704014018,8.897710968369724,7.497396446849605,0.0,21.0,0.0,0.0,without_provenance,case_11_0056,15,40,without_provenance,0
-53.44119593789125,17.812316837124634,17.455079588585924,0.0,39.0,16.0,6.0,without_provenance,case_11_0071,16,40,without_provenance,0
-49.02180478661293,16.915266848786086,16.57796241353038,0.0,36.0,10.0,3.0,without_provenance,case_11_0077,17,40,without_provenance,0
-58.24711904931251,22.997380416518922,23.85680062930817,0.0,33.0,23.0,7.0,without_provenance,case_11_0085,18,40,without_provenance,0
-0.9132249101941006,6.9592351764656275,5.524510776231171,0.0,12.0,0.0,0.0,without_provenance,case_11_0087,19,40,without_provenance,0
-1.964664912577543,6.45161012431472,5.3496811211523125,0.0,15.0,0.0,0.0,without_provenance,case_11_0094,20,40,without_provenance,0
-46.53091067897859,17.109484163318896,16.016108409547552,0.0,34.0,10.0,3.0,without_provenance,case_11_0096,21,40,without_provenance,0
-46.52532339337206,16.54390645247602,15.544574985140464,0.0,33.0,9.0,6.0,without_provenance,case_11_0099,22,40,without_provenance,0
-39.194549855168226,13.001588512422938,11.764181260199617,0.0,30.0,4.0,1.0,without_provenance,case_11_0107,23,40,without_provenance,0
-49.03593247629856,16.83737514776803,15.776737861187474,0.0,35.0,8.0,5.0,without_provenance,case_11_0108,24,40,without_provenance,0
-52.11757893040043,18.093992023667077,18.020577435134076,0.0,37.0,17.0,4.0,without_provenance,case_11_0109,25,40,without_provenance,0
-47.06599446268077,18.798459245378982,17.736300433309196,0.0,27.0,12.0,2.0,without_provenance,case_11_0110,26,40,without_provenance,0
-55.538173309575555,20.548186945750416,19.798782087838433,0.0,33.0,15.0,4.0,without_provenance,case_11_0120,27,40,without_provenance,0
-53.234854587856795,19.46108612553725,18.946713947897788,0.0,34.0,19.0,6.0,without_provenance,case_11_0121,28,40,without_provenance,0
-33.41724736053251,14.879362172509813,14.01403317755986,0.0,18.0,4.0,1.0,without_provenance,case_11_0124,29,40,without_provenance,0
-8.10182287535759,8.70797050661281,7.214907109132635,0.0,19.0,0.0,0.0,without_provenance,case_11_0127,30,40,without_provenance,0
