condition,setting,sensor_noise,seed,mean_reward,mean_downtime,mean_cost,mean_failures,mean_unnecessary,missing_modality_rate,concept_drift,ood_fraction,resource_availability_floor,maintenance_delay
sensor_noise,sensor_noise=0.0,0.0,11,-25.65423659443608,13.109645629395287,12.391379042400764,0.0,24.583333333333332,,,,,
sensor_noise,sensor_noise=0.06,0.06,11,-31.956040129012447,13.652355699125437,12.658594327168373,0.0,27.166666666666668,,,,,
missing_modality,missing_modality_rate=0.25,,11,-32.08136936552081,14.219802567025418,13.45204605519139,0.0,26.916666666666668,0.25,,,,
concept_drift,concept_drift=0.3,,11,-35.61976876386674,15.444600838087064,14.821375394685568,0.0,27.333333333333332,,0.3,,,
ood_shift,ood_fraction=0.3,,11,-23.461515360447915,11.945846530262719,10.875681868349318,0.0,21.666666666666668,,,0.3,,
scarce_resources,resource_availability_floor=0.15,,11,-36.52193339179311,14.793342016327697,13.924334628551781,0.0,28.75,,,,0.15,
maintenance_delay,maintenance_delay=3,,11,-40.255226693932954,14.670389076200609,13.812801657521126,0.0,26.583333333333332,,,,,3.0
sensor_noise,sensor_noise=0.0,0.0,22,-35.60535909357065,14.852331002828036,14.343552868867787,0.0,27.25,,,,,
sensor_noise,sensor_noise=0.06,0.06,22,-38.43361270215808,16.405270364031928,15.997640677986857,0.0,28.25,,,,,
missing_modality,missing_modality_rate=0.25,,22,-44.07883618598129,17.27643242157603,16.86826411830841,0.0,31.0,0.25,,,,
concept_drift,concept_drift=0.3,,22,-49.718378632607404,18.91195317376069,18.5764539140429,0.0,31.75,,0.3,,,
ood_shift,ood_fraction=0.3,,22,-22.829996901361145,11.720890280928074,10.54036609172878,0.0,23.833333333333332,,,0.3,,
scarce_resources,resource_availability_floor=0.15,,22,-25.41043382614509,12.048824800278675,10.987114210475163,0.0,23.666666666666668,,,,0.15,
maintenance_delay,maintenance_delay=3,,22,-37.366586092028406,14.125064153378323,13.223260653945687,0.0,27.416666666666668,,,,,3.0
sensor_noise,sensor_noise=0.0,0.0,33,-34.3377809838856,14.553119200846439,13.762608064461714,0.0,26.75,,,,,
sensor_noise,sensor_noise=0.06,0.06,33,-25.538726747407605,11.589175439803961,10.496205137196464,0.0,25.333333333333332,,,,,
missing_modality,missing_modality_rate=0.25,,33,-29.316090646591316,13.90683194741979,13.295741718566063,0.0,23.916666666666668,0.25,,,,
concept_drift,concept_drift=0.3,,33,-27.861829162451375,13.361316243055922,12.546751950848645,0.0,21.916666666666668,,0.3,,,
ood_shift,ood_fraction=0.3,,33,-36.908936599975696,16.18450247471584,15.848509723590084,0.0,28.666666666666668,,,0.3,,
scarce_resources,resource_availability_floor=0.15,,33,-36.20336170299777,15.474152734497295,14.984147614885261,0.0,26.75,,,,0.15,
maintenance_delay,maintenance_delay=3,,33,-39.786868897196456,14.973530029108971,14.382726858876971,0.0,28.166666666666668,,,,,3.0
sensor_noise,sensor_noise=0.0,0.0,44,-31.38307724492339,14.00771040997703,13.293432061326795,0.0,25.75,,,,,
sensor_noise,sensor_noise=0.06,0.06,44,-28.37156777313281,12.455008784451108,11.273114077416844,0.0,26.666666666666668,,,,,
missing_modality,missing_modality_rate=0.25,,44,-28.22558872741853,13.89783960709483,13.209516901189895,0.0,24.333333333333332,0.25,,,,
concept_drift,concept_drift=0.3,,44,-34.29512109506897,14.893746115868032,14.188423016359273,0.0,27.083333333333332,,0.3,,,
ood_shift,ood_fraction=0.3,,44,-35.44217165730905,15.424488716619422,14.932304970121754,0.0,27.666666666666668,,,0.3,,
scarce_resources,resource_availability_floor=0.15,,44,-15.752574397086889,10.432186923221792,9.38005707846464,0.0,19.666666666666668,,,,0.15,
maintenance_delay,maintenance_delay=3,,44,-37.519088739237155,14.553051132121775,13.84979056616566,0.0,25.666666666666668,,,,,3.0
sensor_noise,sensor_noise=0.0,0.0,55,-43.02819021629904,17.346307564349445,17.037778603431466,0.0,29.0,,,,,
sensor_noise,sensor_noise=0.06,0.06,55,-32.46018524776281,14.023505189125892,13.02984100028232,0.0,27.583333333333332,,,,,
missing_modality,missing_modality_rate=0.25,,55,-41.058437494899714,16.493671810206497,16.107275032532108,0.0,28.416666666666668,0.25,,,,
concept_drift,concept_drift=0.3,,55,-42.616852284551975,17.086717084594284,16.73100256943998,0.0,30.583333333333332,,0.3,,,
ood_shift,ood_fraction=0.3,,55,-27.311955572929786,13.335483385559428,12.563345009649789,0.0,21.0,,,0.3,,
scarce_resources,resource_availability_floor=0.15,,55,-24.348714440975446,11.346496201521147,10.021249712769347,0.0,25.25,,,,0.15,
maintenance_delay,maintenance_delay=3,,55,-31.281075143248255,12.10967947510317,11.08346199725581,0.0,24.25,,,,,3.0
