step,record_id,cycle,scenario,maintenance_urgency_score,process_instability_score,production_load,resource_availability,maintenance_cost_context,action,action_name,reward,downtime,cost,failure,unnecessary,risk_after_action,alignment_bonus
0,w1_raw_seed42_00053,53,high_laser_power,31.969677443926038,25.300281911989668,0.7153955996144225,0.9366600799925008,0.7758302416293869,0,do_nothing,1.764697418789701,0.0,0.0,False,False,0.3676512906051494,1.5
1,w1_raw_seed42_00054,54,high_laser_power,30.168531741109287,24.389907684033464,0.7436157650384345,0.8619333935490705,0.8833711300207503,0,do_nothing,1.8061237699544863,0.0,0.0,False,False,0.3469381150227568,1.5
2,w1_raw_seed42_00055,55,normal,20.32037615576061,19.412238734884298,0.7965103217153775,0.4703665742198189,0.3024779320017804,0,do_nothing,2.002997922637325,0.0,0.0,False,False,0.23368432579124698,1.5
3,w1_raw_seed42_00056,56,high_laser_power,38.162108270385595,28.43019495788825,0.571241042876838,0.7154109769294219,0.6735851541577461,0,do_nothing,0.12227150978113133,0.0,0.0,False,False,0.43886424510943434,0.0
4,w1_raw_seed42_00057,57,focal_offset,21.90257606186433,20.21194861717698,0.6481188371670257,0.41623120225445415,0.8164159063817891,0,do_nothing,1.9124719528315746,0.0,0.0,False,False,0.2518796247114398,1.5
5,w1_raw_seed42_00058,58,fixture_vibration,25.43648117566709,21.99813178637725,0.34785789868936023,0.7743993822665989,0.6622523820783734,0,do_nothing,1.9149609329596569,0.0,0.0,False,False,0.2925195335201715,1.5
6,w1_raw_seed42_00059,59,speed_variation,20.747211410436268,19.62797909105435,0.3301710514751814,0.9709771283220772,0.5288669788823183,0,do_nothing,2.022814137559966,0.0,0.0,False,False,0.23859293122001704,1.5
7,w1_raw_seed42_00060,60,lens_contamination_proxy,20.307463841527507,19.405712312239697,0.7178820732533302,0.6832758417950724,0.5301996324646598,0,do_nothing,2.032928331644867,0.0,0.0,False,False,0.23353583417756632,1.5
8,w1_raw_seed42_00061,61,fixture_vibration,32.81582800111963,25.727961726584986,0.5797673443001927,0.6314321203640487,0.2733342759047833,0,do_nothing,1.7452359559742487,0.0,0.0,False,False,0.3773820220128757,1.5
9,w1_raw_seed42_00062,62,low_shielding_gas,20.67122626839367,19.589573028227232,0.6456652745368321,0.37329778842180605,0.597490488338029,0,do_nothing,1.8978595842487516,0.0,0.0,False,False,0.23771910208652722,1.5
10,w1_raw_seed42_00063,63,lens_contamination_proxy,22.070352989249816,20.296750080211627,0.7854992001912179,0.9738534395139932,0.8958029479114509,0,do_nothing,1.9923818812472542,0.0,0.0,False,False,0.2538090593763729,1.5
11,w1_raw_seed42_00064,64,low_shielding_gas,30.76163055350018,24.68968458303042,0.6943028240004135,0.41695174468460316,0.8731598918817571,0,do_nothing,1.709434241954099,0.0,0.0,False,False,0.35375875136525203,1.5
12,w1_raw_seed42_00065,65,low_shielding_gas,16.77144190298293,17.618459211446975,0.6375055804605971,0.3767014106481505,0.2762594987474061,0,do_nothing,1.9909582468795433,0.0,0.0,False,False,0.19287158188430367,1.5
13,w1_raw_seed42_00066,66,lens_contamination_proxy,25.472718517955805,22.016447651916437,0.6414450125217894,0.50994329747821,0.7087680523591673,0,do_nothing,1.9141274740870164,0.0,0.0,False,False,0.2929362629564917,1.5
14,w1_raw_seed42_00067,67,low_shielding_gas,18.050349167891792,18.26487233177267,0.4627650686438285,0.39259478204694853,0.446147163353005,0,do_nothing,1.9774367511854374,0.0,0.0,False,False,0.20757901543075558,1.5
15,w1_raw_seed42_00068,68,normal,9.41504323581637,13.900228228419628,0.2715724841975576,0.6458265975676455,0.8369429497139889,0,do_nothing,2.283454005576224,0.0,0.0,False,False,0.10827299721188824,1.5
16,w1_raw_seed42_00069,69,high_laser_power,40.88789228023777,29.807919985721277,0.5557021724626536,0.685457070817123,0.27932458471103105,0,do_nothing,0.059578477554531384,0.0,0.0,False,False,0.4702107612227343,0.0
17,w1_raw_seed42_00070,70,fixture_vibration,14.627942556008488,16.53504516000473,0.40020927097367043,0.5531704668685795,0.8583181663072024,0,do_nothing,2.1635573212118047,0.0,0.0,False,False,0.1682213393940976,1.5
18,w1_raw_seed42_00071,71,focal_offset,18.556623832581167,18.520764682002632,0.5359700506072453,0.38312431367367594,0.794359233462055,0,do_nothing,1.9563219655243091,0.0,0.0,False,False,0.21340117407468343,1.5
19,w1_raw_seed42_00072,72,high_laser_power,39.291533404166515,29.00105356893353,0.8473821512877162,0.42254023936199736,0.326377848464191,0,do_nothing,0.018834971066167605,0.0,0.0,False,False,0.4518526341479149,0.0
20,w1_raw_seed42_00073,73,normal,12.407224421633883,15.412601509872495,0.4137576401057385,0.5999278456934533,0.28888581925624446,0,do_nothing,2.2146338383024204,0.0,0.0,False,False,0.14268308084878964,1.5
21,w1_raw_seed42_00074,74,speed_variation,14.786109126561112,16.614989147506765,0.2908119191823462,0.38934349303724847,0.7925599818125083,0,do_nothing,2.0492629831263427,0.0,0.0,False,False,0.17004025495545277,1.5
22,w1_raw_seed42_00075,75,high_laser_power,28.354259593215392,23.472898802765076,0.4469687244153976,0.8038233216464437,0.3512424861334766,0,do_nothing,1.847852029356046,0.0,0.0,False,False,0.32607398532197696,1.5
23,w1_raw_seed42_00076,76,low_shielding_gas,16.509434316268912,17.48602963948041,0.45551563043667853,0.48456335199112777,0.5976837994343158,0,do_nothing,2.104846362716943,0.0,0.0,False,False,0.18985849463709248,1.5
24,w1_raw_seed42_00077,77,focal_offset,16.003750590430567,17.230435974414803,0.7133415603088265,0.546346519709365,0.8452341576211612,0,do_nothing,2.1319137364200973,0.0,0.0,False,False,0.1840431317899515,1.5
25,w1_raw_seed42_00078,78,high_laser_power,11.3979887631899,14.902491677033897,0.6399225066388948,0.6061817551657633,0.6188412738070601,0,do_nothing,2.2378462584466323,0.0,0.0,False,False,0.13107687077668384,1.5
26,w1_raw_seed42_00079,79,speed_variation,29.305974911324974,23.953935454382513,0.7987287463744894,0.620796261494946,0.5082016459573357,0,do_nothing,1.8259625770395256,0.0,0.0,False,False,0.33701871148023715,1.5
27,w1_raw_seed42_00080,80,lens_contamination_proxy,23.10395186562789,20.819174100449164,0.7150194782291712,0.35107945998862033,0.539260435655095,0,do_nothing,1.819688567079179,0.0,0.0,False,False,0.26569544645472076,1.5
28,w1_raw_seed42_00081,81,high_laser_power,36.07093748410787,27.373229945504775,0.5344708030080494,0.4228457411491534,0.29102616095751616,0,do_nothing,0.09321417901467244,0.0,0.0,False,False,0.4148157810672405,0.0
29,w1_raw_seed42_00082,82,focal_offset,20.12765368034986,19.314828750512966,0.8198142692662242,0.9107969664315707,0.8796890088850393,0,do_nothing,2.0370639653519533,0.0,0.0,False,False,0.23146801732402336,1.5
30,w1_raw_seed42_00083,83,fixture_vibration,20.113249127378623,19.30754808811584,0.3668810439353927,0.35080149063274024,0.4519252203027038,0,do_nothing,1.8881967607030319,0.0,0.0,False,False,0.23130236496485415,1.5
31,w1_raw_seed42_00084,84,speed_variation,17.593768765165,18.03409753605109,0.2658984511937023,0.6803087812783688,0.373086269587355,0,do_nothing,2.095343318401205,0.0,0.0,False,False,0.2023283407993975,1.5
32,w1_raw_seed42_00085,85,speed_variation,20.783280358372632,19.64620984305815,0.3130335025429492,0.6681763042296853,0.43593074619625694,0,do_nothing,2.0219845517574297,0.0,0.0,False,False,0.23900772412128526,1.5
33,w1_raw_seed42_00086,86,normal,4.095408511232704,11.211462767730751,0.7556515454175152,0.5665112046569145,0.8768425766794613,0,do_nothing,2.405805604241648,0.0,0.0,False,False,0.047097197879176086,1.5
34,w1_raw_seed42_00087,87,low_shielding_gas,33.18363661501211,25.913867554405783,0.5733140611759712,0.6303625630951922,0.31128593476720456,0,do_nothing,1.7367763578547215,0.0,0.0,False,False,0.38161182107263925,1.5
35,w1_raw_seed42_00088,88,fixture_vibration,20.23352039720263,19.368338208670835,0.36289024532352127,0.8573777393922798,0.8137469763257679,0,do_nothing,2.0346290308643393,0.0,0.0,False,False,0.2326854845678302,1.5
36,w1_raw_seed42_00089,89,fixture_vibration,16.701260552200857,17.582986627005177,0.6007313425723544,0.8967824090397217,0.7100985313609411,0,do_nothing,2.11587100729938,0.0,0.0,False,False,0.19206449635030987,1.5
37,w1_raw_seed42_00090,90,high_laser_power,44.90909142985205,31.84040190296054,0.3566184718992179,0.5192265532199125,0.7895124664533683,0,do_nothing,-0.0329091028865971,0.0,0.0,False,False,0.5164545514432985,0.0
38,w1_raw_seed42_00091,91,fixture_vibration,20.597455018510484,19.552285958917548,0.7374242625544152,0.5596187866290243,0.8843334012391326,0,do_nothing,2.026258534574259,0.0,0.0,False,False,0.23687073271287054,1.5
39,w1_raw_seed42_00092,92,fixture_vibration,22.358169012582355,20.442224313431637,0.5623093929018215,0.5076138544684162,0.7974005260859667,0,do_nothing,1.985762112710606,0.0,0.0,False,False,0.25711894364469706,1.5
40,w1_raw_seed42_00093,93,low_shielding_gas,25.819684632034694,22.191818810250577,0.5167148582675377,0.6619112103581923,0.8631985283306044,0,do_nothing,1.906147253463202,0.0,0.0,False,False,0.296926373268399,1.5
41,w1_raw_seed42_00094,94,lens_contamination_proxy,26.520059857466478,22.54581768670737,0.46105846240351356,0.7941179324782284,0.33250791691409787,0,do_nothing,1.890038623278271,0.0,0.0,False,False,0.30498068836086445,1.5
42,w1_raw_seed42_00095,95,low_shielding_gas,20.968414644142104,19.739784439611903,0.6911978151832219,0.49836436905122333,0.7672625673585306,0,do_nothing,2.016090832235955,0.0,0.0,False,False,0.2411367684076342,1.5
43,w1_raw_seed42_00096,96,focal_offset,15.521176291967183,16.98652277865942,0.5032688273873733,0.5649782323356634,0.604689201152681,0,do_nothing,2.143012945284755,0.0,0.0,False,False,0.1784935273576226,1.5
44,w1_raw_seed42_00097,97,speed_variation,17.178445686241638,17.824175914087938,0.3113549435212707,0.9547500014329479,0.6032721368019094,0,do_nothing,2.1048957492164426,0.0,0.0,False,False,0.19755212539177883,1.5
45,w1_raw_seed42_00098,98,speed_variation,13.153984715751871,15.790045336411819,0.33260413148436074,0.3815700384005227,0.8342990246083338,0,do_nothing,2.07902838993823,0.0,0.0,False,False,0.1512708242311465,1.5
46,w1_raw_seed42_00099,99,normal,8.775456458595922,13.57695437133384,0.9233283651846601,0.649500243405718,0.8816724821203623,0,do_nothing,2.298164501452294,0.0,0.0,False,False,0.1009177492738531,1.5
47,w1_raw_seed42_00100,100,fixture_vibration,12.356258971536198,15.38684144381423,0.8860064834953248,0.8125127270379056,0.7081449099780677,0,do_nothing,2.2158060436546676,0.0,0.0,False,False,0.14209697817266626,1.5
48,w1_raw_seed42_00101,101,focal_offset,11.809620411564396,15.110547495896984,0.7397949936675247,0.4477951075123581,0.5639099531566596,0,do_nothing,2.176173838046377,0.0,0.0,False,False,0.13581063473299054,1.5
49,w1_raw_seed42_00102,102,fixture_vibration,28.264264995016024,23.427411775964384,0.4361089730216637,0.38079311300356317,0.5466625076361995,0,do_nothing,1.7307150181181947,0.0,0.0,False,False,0.32503904744268425,1.5
50,w1_raw_seed42_00103,103,normal,7.363444830699857,12.863264749444408,0.9284234641434067,0.439833491565045,0.5011219471950682,0,do_nothing,2.2704742604589483,0.0,0.0,False,False,0.08467961555304834,1.5
51,w1_raw_seed42_00104,104,fixture_vibration,21.07050742315256,19.791386392039293,0.7951256327760562,0.9472350757949438,0.48503936922223073,0,do_nothing,2.015378329267491,0.0,0.0,False,False,0.24231083536625442,1.5
52,w1_raw_seed42_00105,105,fixture_vibration,15.003203855392927,16.724717886189342,0.751823132411297,0.3560188581837302,0.5044794470948804,0,do_nothing,2.010945169509693,0.0,0.0,False,False,0.17253684433701866,1.5
53,w1_raw_seed42_00106,106,fixture_vibration,24.87949423738943,21.716607336065856,0.564553051500652,0.47240928362737866,0.30833960291327694,0,do_nothing,1.9001809161674217,0.0,0.0,False,False,0.28611418372997843,1.5
54,w1_raw_seed42_00107,107,speed_variation,21.34624595123507,19.930756154978695,0.4405690932916113,0.37033428338606894,0.30033345541928486,0,do_nothing,1.8793706265076624,0.0,0.0,False,False,0.24548182843920327,1.5
55,w1_raw_seed42_00108,108,high_laser_power,33.71490935849446,26.182394977215353,0.3174736735074495,0.4219091539154321,0.7569153985170026,0,do_nothing,1.6464662386700595,0.0,0.0,False,False,0.3877214576226863,1.5
56,w1_raw_seed42_00109,109,speed_variation,17.384673908857877,17.92841226690128,0.8818216775806891,0.7530970363083926,0.5399473803981469,0,do_nothing,2.100152500096269,0.0,0.0,False,False,0.1999237499518656,1.5
57,w1_raw_seed42_00110,110,focal_offset,15.490157055647982,16.97084436170974,0.5690434028835277,0.5070652906804057,0.8549449175540034,0,do_nothing,2.1437263877200965,0.0,0.0,False,False,0.17813680613995178,1.5
58,w1_raw_seed42_00111,111,fixture_vibration,15.02589450174822,16.736186686089997,0.3916543553566612,0.7199878327799398,0.6479436555860691,0,do_nothing,2.154404426459791,0.0,0.0,False,False,0.17279778677010454,1.5
59,w1_raw_seed42_00112,112,high_laser_power,23.701259287104552,21.121078206168615,0.46416963690545676,0.733626998797982,0.2728643884198728,0,do_nothing,1.9548710363965953,0.0,0.0,False,False,0.2725644818017023,1.5
60,w1_raw_seed42_00113,113,high_laser_power,49.807925738182014,34.31647726674525,0.6554536982593271,0.9021329665083564,0.3523901718563617,2,minor_maintenance,0.027939076931501022,0.29798166568667883,0.22,False,False,0.24903962869091006,0.0
61,w1_raw_seed42_00114,114,high_laser_power,32.663590326137694,25.65101445040917,0.37374094805746216,0.353081905392718,0.3837828654584549,0,do_nothing,1.6018193278915511,0.0,0.0,False,False,0.37563128875058344,1.5
62,w1_raw_seed42_00115,115,high_laser_power,29.965748407963606,24.287412522167223,0.8496299988646628,0.9046901485725384,0.8842284158532794,0,do_nothing,1.8107877866168371,0.0,0.0,False,False,0.3446061066915814,1.5
63,w1_raw_seed42_00116,116,normal,11.612991849909633,15.011163212476353,0.780963670884647,0.7524274061775331,0.39215774699856265,0,do_nothing,2.2329011874520783,0.0,0.0,False,False,0.13354940627396078,1.5
64,w1_raw_seed42_00117,117,normal,4.707168619248255,11.520671864561782,0.7536240691656557,0.4557832659682224,0.5852411895872334,0,do_nothing,2.3475183877255126,0.0,0.0,False,False,0.054132439121354924,1.5
65,w1_raw_seed42_00118,118,focal_offset,22.662056924571502,20.595821950107947,0.5524651278425725,0.8524093022879347,0.8585150055661275,0,do_nothing,1.9787726907348555,0.0,0.0,False,False,0.26061365463257224,1.5
66,w1_raw_seed42_00119,119,normal,17.610352324282825,18.042479559118433,0.6891161884917102,0.9060695021638807,0.8851752744443323,0,do_nothing,2.094961896541495,0.0,0.0,False,False,0.20251905172925247,1.5
67,w1_raw_seed42_00120,120,high_laser_power,27.001064764212117,22.788937646373544,0.6588685782389149,0.5152712644402022,0.403634282999304,0,do_nothing,1.8789755104231212,0.0,0.0,False,False,0.31051224478843936,1.5
68,w1_raw_seed42_00121,121,speed_variation,26.04716587347441,22.30679732599549,0.7048926210883739,0.9472158925867425,0.2819264684375261,0,do_nothing,1.9009151849100885,0.0,0.0,False,False,0.2995424075449557,1.5
69,w1_raw_seed42_00122,122,speed_variation,16.31642832453476,17.388476354123696,0.30911102479792235,0.6453973296941276,0.34984119114954304,0,do_nothing,2.1247221485357004,0.0,0.0,False,False,0.18763892573214971,1.5
70,w1_raw_seed42_00123,123,high_laser_power,21.04163748901512,19.776794322136,0.5410651815194267,0.742225895316659,0.2911635111566628,0,do_nothing,2.016042337752652,0.0,0.0,False,False,0.24197883112367385,1.5
71,w1_raw_seed42_00124,124,fixture_vibration,20.576860210386037,19.541876483150606,0.27912992170332473,0.9900221968514683,0.37683075671001864,0,do_nothing,2.026732215161121,0.0,0.0,False,False,0.23663389241943944,1.5
72,w1_raw_seed42_00125,125,high_laser_power,35.61433407556792,27.142443521684832,0.5957935734711632,0.5849984511154795,0.6195703145574281,0,do_nothing,0.18087031626193795,0.0,0.0,False,False,0.409564841869031,0.0
73,w1_raw_seed42_00126,126,normal,1.3287393249224946,9.81307266494314,0.48090284863294974,0.8785535747830734,0.8430917175921672,0,do_nothing,2.4694389955267826,0.0,0.0,False,False,0.015280502236608687,1.5
74,w1_raw_seed42_00127,127,fixture_vibration,16.364582380011225,17.412815423977285,0.35116693220623285,0.5569594265884987,0.599192274401321,0,do_nothing,2.1236146052597418,0.0,0.0,False,False,0.1881926973701291,1.5
75,w1_raw_seed42_00128,128,speed_variation,30.061056412888142,24.335585166537708,0.32238207740578617,0.8694887894569692,0.6568932118544024,0,do_nothing,1.8085957025035726,0.0,0.0,False,False,0.34570214874821364,1.5
76,w1_raw_seed42_00129,129,speed_variation,24.534357048862947,21.54216059305534,0.6613512005243984,0.7404770472607176,0.3812137135462017,0,do_nothing,1.9357097878761522,0.0,0.0,False,False,0.2821451060619239,1.5
77,w1_raw_seed42_00130,130,high_laser_power,36.45015204006538,27.564900812592143,0.3694150779758203,0.4906312018965109,0.7703793534380026,0,do_nothing,0.15227770497500714,0.0,0.0,False,False,0.41917674846075187,0.0
78,w1_raw_seed42_00131,131,high_laser_power,36.461206529964,27.570488213262266,0.897584082863758,0.6191169609630036,0.6515627905286291,0,do_nothing,0.161392249810828,0.0,0.0,False,False,0.419303875094586,0.0
79,w1_raw_seed42_00132,132,normal,12.705589832828027,15.563407844107378,0.6567427977902764,0.5564631623363151,0.8116889389752712,0,do_nothing,2.2077714338449557,0.0,0.0,False,False,0.1461142830775223,1.5
80,w1_raw_seed42_00133,133,high_laser_power,32.976559978735644,25.809202377911095,0.49280886317438594,0.4007704555022365,0.8667480195537597,0,do_nothing,1.6423095759913169,0.0,0.0,False,False,0.37923043975545984,1.5
81,w1_raw_seed42_00134,134,fixture_vibration,16.193560276124426,17.326373713267316,0.6636408440369916,0.36939260056480333,0.47613550424178497,0,do_nothing,1.9969407142139415,0.0,0.0,False,False,0.1862259431754309,1.5
82,w1_raw_seed42_00135,135,low_shielding_gas,25.856231193538864,22.21029096808977,0.2659627097207882,0.5752111260146676,0.3088763880480356,0,do_nothing,1.905306682548606,0.0,0.0,False,False,0.29734665872569693,1.5
83,w1_raw_seed42_00136,136,speed_variation,20.137004032836867,19.319554808995168,0.9209914492690117,0.3623721960813663,0.3968538226459086,0,do_nothing,1.8992211033261184,0.0,0.0,False,False,0.23157554637762395,1.5
84,w1_raw_seed42_00137,137,normal,4.208765950830116,11.26875834986783,0.5876124058600302,0.45756704242815377,0.5345970176892942,0,do_nothing,2.360765425559061,0.0,0.0,False,False,0.048400808434546326,1.5
85,w1_raw_seed42_00138,138,low_shielding_gas,30.762476850229714,24.690112336726617,0.7979146590752003,0.8213691585530647,0.8647008736859076,0,do_nothing,1.7924630324447166,0.0,0.0,False,False,0.3537684837776417,1.5
86,w1_raw_seed42_00139,139,high_laser_power,52.18833493550904,35.5196354464791,0.307910999945707,0.8102593031943321,0.4959013845427199,2,minor_maintenance,1.5666926706546824,0.23542397999022724,0.22,False,False,0.2609416746775452,1.5
87,w1_raw_seed42_00140,140,lens_contamination_proxy,25.02156011491549,21.788413361180567,0.5906608315867122,0.8300772511972987,0.7510025888824905,0,do_nothing,1.9245041173569437,0.0,0.0,False,False,0.28774794132152814,1.5
88,w1_raw_seed42_00141,141,focal_offset,31.304670912526195,24.964159849980916,0.5934948960481646,0.5561495612344862,0.6013098499109908,0,do_nothing,1.7799925690118976,0.0,0.0,False,False,0.3600037154940512,1.5
89,w1_raw_seed42_00142,142,focal_offset,20.775206044045465,19.642128747530798,0.906478518482488,0.928512647126502,0.36882570078013477,0,do_nothing,2.0221702609869543,0.0,0.0,False,False,0.23891486950652285,1.5
90,w1_raw_seed42_00143,143,low_shielding_gas,20.217922874731386,19.36045456968728,0.6502096366632528,0.735989856218491,0.4584771773197436,0,do_nothing,2.034987773881178,0.0,0.0,False,False,0.23250611305941093,1.5
91,w1_raw_seed42_00144,144,lens_contamination_proxy,20.09233123817226,19.296975313682914,0.5814425807398677,0.4319171221353072,0.6745747252648322,0,do_nothing,1.9697935036573453,0.0,0.0,False,False,0.23106180923898095,1.5
92,w1_raw_seed42_00145,145,fixture_vibration,21.684937590090833,20.10194504811285,0.4368829641643255,0.44341712994609717,0.6873547065451808,0,do_nothing,1.944663565374008,0.0,0.0,False,False,0.24937678228604457,1.5
93,w1_raw_seed42_00146,146,normal,9.37853705282516,13.88177647956651,0.48209829813978655,0.800512027504306,0.53259383542588,0,do_nothing,2.284293647785021,0.0,0.0,False,False,0.10785317610748933,1.5
94,w1_raw_seed42_00147,147,focal_offset,14.738832648689728,16.591093642009714,0.6144706817300765,0.46241355868735073,0.39861964173037456,0,do_nothing,2.1234204077674868,0.0,0.0,False,False,0.16949657545993185,1.5
95,w1_raw_seed42_00148,148,fixture_vibration,23.59245053613902,21.06608172115343,0.5572380222135327,0.6797402560283281,0.7192394066832397,0,do_nothing,1.9573736376688027,0.0,0.0,False,False,0.2713131811655987,1.5
96,w1_raw_seed42_00149,149,normal,12.89574094638987,15.65951815485745,0.2651284559162313,0.994653409353662,0.3597674770482646,0,do_nothing,2.203397958233033,0.0,0.0,False,False,0.1483010208834835,1.5
97,w1_raw_seed42_00150,150,fixture_vibration,17.428098159151613,17.95036069576737,0.8284043469360505,0.3526049430766707,0.8588352997123323,0,do_nothing,1.9517586854161837,0.0,0.0,False,False,0.20042312883024355,1.5
98,w1_raw_seed42_00151,151,focal_offset,16.90492545368018,17.68592737030876,0.8773125402878367,0.36077687123341196,0.3721373263737099,0,do_nothing,1.9719635857987678,0.0,0.0,False,False,0.19440664271732203,1.5
99,w1_raw_seed42_00152,152,lens_contamination_proxy,15.328731670073543,16.889253233054774,0.34817436229902754,0.9955049782548292,0.3197530358411383,0,do_nothing,2.1474391715883083,0.0,0.0,False,False,0.17628041420584573,1.5
100,w1_raw_seed42_00153,153,low_shielding_gas,23.366415134263608,20.95183399308163,0.6378253004773345,0.7300152421872076,0.5734710065374962,0,do_nothing,1.962572451911937,0.0,0.0,False,False,0.26871377404403146,1.5
101,w1_raw_seed42_00154,154,high_laser_power,35.81458758079205,27.24366000291056,0.3260030187948105,0.43249148408703353,0.5877072387713012,0,do_nothing,0.1087559697288164,0.0,0.0,False,False,0.41186775717910856,0.0
102,w1_raw_seed42_00155,155,speed_variation,20.521773970413797,19.51403359786525,0.7205680651278681,0.9332464298401608,0.5803253946058591,0,do_nothing,2.0279991986804826,0.0,0.0,False,False,0.23600040065975866,1.5
103,w1_raw_seed42_00156,156,normal,5.873039822960617,12.109951840810321,0.4468636486873058,0.9222471950829999,0.5338338680702457,0,do_nothing,2.3649200840719056,0.0,0.0,False,False,0.06753995796404709,1.5
104,w1_raw_seed42_00157,157,high_laser_power,31.2754314824965,24.949381021428884,0.7115958442843312,0.698530268522394,0.8966296803392454,0,do_nothing,1.7806650759025806,0.0,0.0,False,False,0.35966746204870975,1.5
105,w1_raw_seed42_00158,158,high_laser_power,28.546659776174604,23.570145887077135,0.7588962300008179,0.7541648194094918,0.5660823982358782,0,do_nothing,1.8434268251479842,0.0,0.0,False,False,0.3282865874260079,1.5
106,w1_raw_seed42_00159,159,fixture_vibration,22.669130831297824,20.5993973978713,0.7880532443423599,0.5275716744755696,0.5606652774808901,0,do_nothing,1.97860999088015,0.0,0.0,False,False,0.26069500455992495,1.5
107,w1_raw_seed42_00160,160,lens_contamination_proxy,17.939093307098823,18.20863897529484,0.32541866216912757,0.38283780264180334,0.5241479407644649,0,do_nothing,1.9702386565785304,0.0,0.0,False,False,0.20629957303163643,1.5
108,w1_raw_seed42_00161,161,speed_variation,18.170975707306585,18.32584202040976,0.8912082915963255,0.7364689457790619,0.29343674055595087,0,do_nothing,2.0820675587319486,0.0,0.0,False,False,0.20896622063402573,1.5
109,w1_raw_seed42_00162,162,low_shielding_gas,21.011331883540027,19.761476604005818,0.41114979362641657,0.541590875581796,0.6354218102472504,0,do_nothing,2.0167393666785793,0.0,0.0,False,False,0.2416303166607103,1.5
110,w1_raw_seed42_00163,163,low_shielding_gas,25.00507500763406,21.780081099781256,0.27618878932332586,0.7813536803292287,0.3981790519450686,0,do_nothing,1.9248832748244167,0.0,0.0,False,False,0.28755836258779166,1.5
111,w1_raw_seed42_00164,164,low_shielding_gas,30.97004205159778,24.795024454413998,0.6383967285740384,0.8935593649476908,0.6644458371488824,0,do_nothing,1.787689032813251,0.0,0.0,False,False,0.35615548359337446,1.5
112,w1_raw_seed42_00165,165,fixture_vibration,24.64374674298575,21.59745071099398,0.5096455987037072,0.3618043535443366,0.28304175026651013,0,do_nothing,1.7949981784556643,0.0,0.0,False,False,0.28340308754433613,1.5
113,w1_raw_seed42_00166,166,low_shielding_gas,19.670745824824795,19.083888446477456,0.8308528201926891,0.7372139535457227,0.8879016158144512,0,do_nothing,2.0475728460290297,0.0,0.0,False,False,0.22621357698548514,1.5
114,w1_raw_seed42_00167,167,focal_offset,21.07958006005255,19.795972081470435,0.8157760304450112,0.5003323507964539,0.5548533013582369,0,do_nothing,2.0151696586187913,0.0,0.0,False,False,0.2424151706906043,1.5
115,w1_raw_seed42_00168,168,low_shielding_gas,19.083621714021525,18.78713141107987,0.4719972249759007,0.9180275236374709,0.832890991533954,0,do_nothing,2.061076700577505,0.0,0.0,False,False,0.21946164971124754,1.5
116,w1_raw_seed42_00169,169,normal,3.405794991192226,10.862903306431642,0.9170295765488214,0.5148819292651885,0.5591147626014077,0,do_nothing,2.421666715202579,0.0,0.0,False,False,0.039166642398710594,1.5
117,w1_raw_seed42_00170,170,normal,7.16029889541934,12.760586313322209,0.45364248669808305,0.7470005866030218,0.2892150320732441,0,do_nothing,2.335313125405355,0.0,0.0,False,False,0.0823434372973224,1.5
118,w1_raw_seed42_00171,171,normal,7.638116813965569,13.00209543610994,0.6105399904622002,0.7098015460582474,0.7844388049609745,0,do_nothing,2.324323313278792,0.0,0.0,False,False,0.08783834336060403,1.5
119,w1_raw_seed42_00172,172,fixture_vibration,35.46601144689351,27.06747507334846,0.4291755633973219,0.6075082250385118,0.6713194242836373,0,do_nothing,0.18428173672144932,0.0,0.0,False,False,0.40785913163927534,0.0
