scenario,laser_power_w,welding_speed_mm_s,focal_position_error_mm,shielding_gas_flow_l_min,melt_pool_temp_c,back_reflection_intensity,plume_intensity,spatter_count,vibration_rms,robot_path_error_mm,bead_width_mm,bead_height_mm,porosity_risk,visual_defect_score,lens_contamination_level,cooling_system_alarm,time_since_lens_cleaning_h,process_instability_score,maintenance_urgency_score,maintenance_label,production_load,resource_availability,maintenance_cost_context,predicted_urgency,uncertainty,human_review_triggered,human_override,orchestra_urgency
lens_contamination_proxy,1821.1749,33.5328,0.0187,19.8908,1423.5067,0.4219,0.6134,9.0,0.1111,0.1188,1.7748,0.6301,0.1379,2.892,0.5832,0.0,59.7594,24.550314280786083,42.65049402630081,medium,0.6248043528810021,0.7025368614964331,0.7443549147744135,36.9412727355957,0.671544500114441,True,False,36.9412727355957
low_shielding_gas,1917.8596,30.4079,0.0723,10.2921,1400.4198,0.3727,0.4295,5.0,0.0957,0.0689,1.9299,0.5073,0.2759,17.366,0.1775,0.0,31.6005,28.934250631979925,57.15049144763835,medium,0.5167148582675377,0.5614727748358401,0.4584651053511495,56.67377853393555,0.44048504515838627,False,False,56.67377853393555
high_laser_power,2192.5842,36.8546,0.1539,19.1946,1607.8563,0.4584,0.4437,9.0,0.0996,0.039,1.8965,0.5564,0.0918,15.3598,0.188,0.0,24.756,32.528132262320455,69.03735982298302,medium,0.6813159900168848,0.6950527562870794,0.3350787150528218,70.99003601074219,0.6365980898030599,True,False,73.3084041282523
low_shielding_gas,1822.3909,35.2825,0.0655,14.741,1347.4043,0.2649,0.4196,2.0,0.0973,0.0849,2.1025,0.5427,0.4027,18.3189,0.1624,0.0,37.7226,23.5344940671625,39.290639024283415,low,0.6882087366587399,0.8804364108893402,0.7669009680787612,48.583465576171875,0.5567758483276367,True,False,48.583465576171875
focal_offset,1788.9584,40.587,0.3759,17.0128,1529.3915,0.338,0.47,6.0,0.0852,0.0686,2.5373,0.5921,0.1118,26.3302,0.0824,0.0,2.7254,32.31795082288704,68.34217857817148,medium,0.836167653641548,0.603540683601744,0.5180436942931961,60.108455657958984,0.4551630203959148,True,False,57.78154065258409
normal,1752.9553,36.9507,0.0615,18.7943,1605.7533,0.2286,0.5426,5.0,0.0475,0.0716,1.9172,0.5384,0.189,3.4811,0.0805,0.0,41.9576,21.370991425328693,32.13479089726757,low,0.63709514567703,0.9925925340377247,0.8284343545970152,34.172542572021484,0.5616432103652954,True,False,34.172542572021484
normal,1864.2438,29.5681,0.1132,17.106,1402.6779,0.4334,0.5468,5.0,0.0612,0.0421,1.838,0.5967,0.1964,9.7559,0.1676,0.0,18.2802,24.34244031401118,41.96294481464803,medium,0.6930423404873345,0.7297481090397918,0.3458268697656308,39.83201217651367,0.668974167427063,True,False,39.83201217651367
high_laser_power,2145.4248,35.0114,0.0856,19.0127,1515.8957,0.465,0.4744,11.0,0.0876,0.0592,2.0921,0.5692,0.1288,12.3676,0.0947,0.0,41.5621,27.907512099701883,53.754523788033694,medium,0.8572434422266274,0.4797022953846687,0.6515627905286291,57.85334396362305,0.4292250559997559,False,False,57.85334396362305
focal_offset,1837.817,39.8602,0.3898,18.2541,1320.5984,0.3928,0.4308,6.0,0.0792,0.0112,2.4118,0.7611,0.126,12.356,0.1075,0.0,13.1829,30.562809320902375,62.536996838721805,medium,0.8453735754335477,0.8663970698223248,0.36036998295225986,52.02615737915039,0.4781750860366822,True,False,52.292775479706066
focal_offset,1756.8807,35.7513,0.339,17.8628,1505.4495,0.3687,0.5854,2.0,0.1056,0.0099,1.9747,0.6816,0.1102,16.004,0.0658,0.0,38.0521,24.900278434561624,43.80801067818469,medium,0.45675131774086286,0.3515007021813823,0.3640504602764071,45.734378814697266,0.5661292912979126,True,False,48.17131770863366
normal,1765.8174,30.0936,0.0602,18.0064,1515.2321,0.2958,0.4802,6.0,0.1295,0.0397,1.9341,0.5847,0.1288,8.0355,0.1688,0.0,32.9324,21.3736449817887,32.14356761269981,low,0.5637719292780458,0.5590046934565847,0.6631142301066202,26.69571304321289,0.46247955434417726,True,True,33.11142697040545
normal,1870.4115,34.0463,0.0166,18.6662,1463.1775,0.2376,0.4758,1.0,0.0562,0.0553,2.0358,0.5928,0.1094,5.7645,0.1119,0.0,31.0949,12.487803632038462,2.75338802610392,low,0.4780777506967063,0.37403097268076324,0.37706623122830263,9.3631010055542,0.2096008888263702,False,False,9.3631010055542
normal,1875.2227,33.1292,0.0268,16.9109,1545.0718,0.2547,0.4815,1.0,0.0507,0.0479,2.1265,0.7166,0.1418,4.0871,0.0214,0.0,41.7737,17.376898496731087,18.92421197326553,low,0.7524321652025504,0.5719015937981229,0.47401657623255156,22.389015197753906,0.3848237089691162,False,False,22.389015197753906
high_laser_power,2126.2349,37.7489,0.048,18.0553,1656.2166,0.5306,0.4771,8.0,0.0846,0.0558,2.2558,0.6233,0.0729,7.9581,0.2118,0.0,5.3594,31.966112596643754,67.17846337690804,medium,0.3438662269109357,0.9583593746332218,0.33339061803222814,60.49567413330078,0.48938127577718105,True,False,59.397480517030374
speed_variation,1918.8595,44.2347,0.1124,19.1311,1504.886,0.3239,0.3345,6.0,0.0869,0.0488,1.842,0.5823,0.1151,23.4474,0.1551,0.0,18.0844,24.86409737809347,43.68834077801685,medium,0.7205680651278681,0.49836436905122333,0.26558073109317104,49.44206237792969,0.5048886423034669,True,True,43.592729414644204
normal,1906.8953,36.2834,0.0847,18.4893,1677.3822,0.297,0.5397,4.0,0.0756,0.0402,2.0121,0.6702,0.0923,5.9286,0.1131,0.0,34.8723,24.71553862933556,43.1969783809966,medium,0.3711894924957523,0.44012542255172266,0.33777476243655347,44.666343688964844,0.5741817742767334,True,False,44.666343688964844
lens_contamination_proxy,1697.3855,34.6286,0.1233,19.2988,1395.5392,0.6106,0.5755,5.0,0.0694,0.0832,1.8684,0.6506,0.1195,8.3598,0.6081,0.0,42.801,27.206518214972508,51.435966056651196,medium,0.8457917698333545,0.4096203913883543,0.7404725398417875,47.99674987792969,0.6183886891784669,True,False,48.461026086301175
lens_contamination_proxy,1569.173,36.7807,0.0918,18.0194,1386.601,0.5092,0.6012,5.0,0.0712,0.0203,2.1067,0.634,0.1465,0.0,0.515,0.0,49.1524,26.590807807425648,49.39948591494272,medium,0.9052979907869235,0.881900114657511,0.45432616270943815,45.48175811767578,0.638749825881958,True,True,51.74312820141533
speed_variation,1898.0296,46.6175,0.2257,18.0135,1340.3157,0.3581,0.5707,2.0,0.0854,0.0853,2.2674,0.5621,0.0168,30.52,0.131,0.0,3.6691,32.556722335617636,69.13192232477941,medium,0.32238207740578617,0.6458265975676455,0.4257221623295629,55.04021453857422,0.43095380009460454,False,False,55.04021453857422
speed_variation,1683.3175,28.6737,0.0608,17.479,1346.7968,0.3472,0.5433,4.0,0.0858,0.0908,2.2829,0.6156,0.0806,26.1707,0.1407,0.0,24.8597,28.545311973612375,55.86406548439366,medium,0.7048926210883739,0.6314321203640487,0.5527423362322157,58.30086898803711,0.43014643144734704,False,False,58.30086898803711
speed_variation,1831.0181,23.427,0.0863,18.4396,1595.8448,0.3287,0.4013,1.0,0.0769,0.0329,2.1924,0.5794,0.1135,21.3743,0.1232,0.0,14.6144,25.44220576102818,45.60045112595203,medium,0.6386386296287773,0.5003323507964539,0.30033345541928486,47.18230056762695,0.5370966171951295,True,False,47.18230056762695
fixture_vibration,1815.9657,34.8844,0.1322,17.2745,1414.4115,0.4841,0.5394,3.0,0.3254,0.1982,1.9741,0.626,0.2325,23.962,0.1007,0.0,12.1257,28.399048223942618,55.3802938638342,medium,0.878856583153075,0.4850162146785005,0.5713044467975015,49.04966354370117,0.5482618762741089,True,False,49.04966354370117
high_laser_power,1997.9793,33.9895,0.0962,17.2209,1735.4116,0.5003,0.4243,6.0,0.0628,0.112,2.0265,0.6097,0.1954,11.8698,0.1852,0.0,24.0368,33.289997332507745,71.55725077671791,high,0.3694150779758203,0.5531704668685795,0.7536901371978632,63.23308181762695,0.5468210833231608,True,True,73.6864875189313
normal,1950.1099,32.6093,0.065,18.6494,1382.2349,0.4097,0.4886,6.0,0.059,0.0298,2.0617,0.6024,0.0838,9.3728,0.1306,0.0,26.9767,21.436940896447627,32.35292069764725,low,0.7105042995283695,0.9689623152996941,0.7644434670749545,38.8498649597168,0.6300446431961061,True,False,38.22686491437641
lens_contamination_proxy,1894.4256,34.2467,0.111,19.4613,1444.6963,0.5964,0.5583,4.0,0.0789,0.0497,2.1205,0.6045,0.0719,6.0553,0.6135,0.0,84.0457,24.848142050770548,43.63556806725978,medium,0.3501153126166445,0.7907611395718883,0.2527987541839911,43.107521057128906,0.6773580854644776,True,False,43.107521057128906
high_laser_power,2306.5849,32.6064,0.0163,18.5763,1665.1789,0.3364,0.2869,7.0,0.1091,0.079,1.8658,0.6594,0.1718,5.7777,0.1847,0.0,1.0955,29.028346700874675,57.46171694158521,medium,0.7467047995704345,0.5288491416411136,0.41557342757635385,53.09937286376953,0.46349712312316904,True,False,53.09937286376953
high_laser_power,2260.0927,35.1038,0.0006,17.2606,1695.1613,0.5474,0.3672,8.0,0.0584,0.0632,2.0217,0.6459,0.1026,12.1799,0.0647,0.0,3.6162,31.331281755537844,65.0787418431968,medium,0.5344708030080494,0.481286374497708,0.5156350952883633,60.82746505737305,0.4770186093851726,True,False,60.82746505737305
normal,1749.9427,38.9859,0.0756,18.5274,1403.5268,0.3812,0.4357,7.0,0.1146,0.0931,2.0475,0.6921,0.0382,13.3595,0.0892,0.0,15.7505,21.42215534862092,32.30401706671247,low,0.5382676276098992,0.5671723235231911,0.5928474595471633,41.83741760253906,0.603645257965088,True,True,35.245636502008246
low_shielding_gas,1753.147,31.316,0.0636,11.1753,1359.246,0.3201,0.4727,3.0,0.0676,0.0315,2.1131,0.6559,0.3898,26.6963,0.1009,0.0,19.6233,27.753979587530512,53.2467105233703,medium,0.43652432225059223,0.5140835888572317,0.3900718421782553,52.128211975097656,0.5079275853424072,True,False,57.03557563787665
lens_contamination_proxy,1915.8598,33.258,0.0098,19.4147,1482.1724,0.6957,0.6119,7.0,0.0785,0.0651,2.1102,0.6363,0.1065,3.5586,0.5695,0.0,55.5486,26.276217237962214,48.35896842550547,medium,0.46972535886139244,0.43969838627613844,0.4689567534916247,45.35160827636719,0.6587778861999513,True,False,43.04355842071547
low_shielding_gas,1909.1267,40.2189,0.0997,8.7477,1399.6114,0.2865,0.5709,3.0,0.0381,0.0632,1.8686,0.5958,0.3883,22.1423,0.2625,0.0,29.4258,31.27633888127544,64.89701668313403,medium,0.7837725029494566,0.514569993982291,0.514785552110932,54.944679260253906,0.49078316017150875,True,True,61.03036850956075
speed_variation,1640.2534,43.4977,0.0578,18.7064,1424.9409,0.4477,0.4755,3.0,0.0563,0.0111,2.5781,0.6443,0.1372,26.3443,0.0896,0.0,4.472,25.416819185607604,45.51648428687265,medium,0.5418225580164195,0.9198620182220025,0.37907938129535024,40.77142333984375,0.6403841790771484,True,False,44.60481174452464
lens_contamination_proxy,1764.8582,30.3219,0.1131,18.9829,1556.767,0.5522,0.669,5.0,0.0631,0.0176,2.0936,0.6387,0.2352,8.7214,0.5721,0.0,54.4548,29.806103638014765,60.03417070905097,medium,0.33381351195078596,0.6324660050534987,0.6487857150743909,55.903831481933594,0.5222910671234131,True,False,55.903831481933594
lens_contamination_proxy,1654.2115,43.1322,0.0461,18.7373,1490.3075,0.5126,0.5508,7.0,0.0539,0.0693,2.0121,0.5176,0.0752,12.5096,0.4688,0.0,59.2537,28.29079308115454,55.02223681977008,medium,0.27964538610611694,0.7841019532511911,0.42292006720408243,47.10688018798828,0.5984853974151612,True,False,47.10688018798828
low_shielding_gas,1593.7839,35.6348,0.067,10.0942,1386.0297,0.3256,0.4592,4.0,0.1264,0.0809,2.0991,0.5624,0.465,19.915,0.0821,0.0,9.7244,29.152097606362254,57.87102667300259,medium,0.8008470642514969,0.7865483257563082,0.32496218477214217,51.59431076049805,0.5228894770431519,True,False,54.665915716790686
speed_variation,1889.9842,38.5528,0.0392,19.5614,1409.986,0.3651,0.4914,3.0,0.086,0.0377,2.2123,0.5648,0.1244,24.3616,0.2355,0.0,28.9481,21.677889907960324,33.14986658502458,low,0.2908119191823462,0.7368883462686917,0.3332341968560615,39.462154388427734,0.6519208728408814,True,False,39.462154388427734
speed_variation,1944.9843,40.6209,0.1174,16.1734,1442.5124,0.4009,0.543,5.0,0.0659,0.0891,2.1366,0.6191,0.1134,12.2098,0.0257,0.0,19.2577,24.38724784938555,42.11114704555129,medium,0.8106189232595676,0.46666984702495684,0.48452686492138497,51.58116912841797,0.4816926744842529,True,False,50.98231565170221
high_laser_power,2041.7048,39.3089,0.0443,18.0752,1556.0129,0.4319,0.4247,11.0,0.0238,0.0347,2.0038,0.6915,0.1511,4.0945,0.1232,0.0,36.4532,25.672260759848946,46.36136474842251,medium,0.35800264444728347,0.7110501115895465,0.8581022634977258,50.829620361328125,0.5028894700317383,True,False,50.4222084915711
low_shielding_gas,1772.3625,35.3318,0.1114,8.8956,1373.6412,0.3323,0.4052,4.0,0.1198,0.0225,1.9894,0.6082,0.5742,16.6908,0.2253,0.0,13.34,27.602732730142094,52.746457128605506,medium,0.35752937663444107,0.8687633332819165,0.39861964173037456,47.59844207763672,0.6056426714324952,True,False,47.59844207763672
fixture_vibration,1769.7953,36.4837,0.1987,17.1,1455.8963,0.4256,0.5154,4.0,0.3094,0.1778,1.9585,0.6432,0.0809,27.1343,0.2527,0.0,33.1598,29.865598575743146,60.23095195187381,medium,0.6044309521344431,0.994653409353662,0.7100985313609411,54.222320556640625,0.46688684234619143,True,False,54.222320556640625
fixture_vibration,1863.1758,34.6708,0.0989,18.2076,1532.5278,0.3909,0.4982,6.0,0.3621,0.1946,2.0167,0.5444,0.1027,21.2732,0.2265,0.0,32.1189,30.094888502756827,60.98933507701469,medium,0.564553051500652,0.8647833763418932,0.6383064438979964,58.74585723876953,0.45182929937744143,True,False,58.74585723876953
speed_variation,1666.6033,40.1328,0.0944,18.9485,1402.4252,0.1963,0.4789,3.0,0.0913,0.0677,1.457,0.6083,0.1316,18.8002,0.0965,0.0,3.7346,22.254698892834522,35.057679135953286,low,0.30911102479792235,0.37329778842180605,0.25355752074250787,35.096858978271484,0.561196810951233,True,False,32.52763464048675
fixture_vibration,1792.6571,34.8513,0.0945,17.1567,1428.2451,0.3382,0.3963,5.0,0.2607,0.2052,2.0828,0.6769,0.053,26.627,0.1621,0.0,39.3463,25.22897248776118,44.8951758516719,medium,0.9052892243630208,0.6522591857930274,0.7654532363237598,52.542213439941406,0.46012406520080573,True,False,55.84551552898466
normal,1760.8133,35.1814,0.0204,17.8796,1414.6884,0.2765,0.4172,4.0,0.0732,0.0736,2.2102,0.6791,0.0902,8.1448,0.1392,0.0,42.8874,16.412442399873616,15.734245286450314,low,0.8277796578374248,0.765358872021707,0.3747487549172055,15.916467666625977,0.29973443041610726,False,False,15.916467666625977
fixture_vibration,1877.7445,34.5577,0.1463,17.1434,1512.6533,0.4158,0.3282,5.0,0.2922,0.1035,2.0255,0.6024,0.1751,18.2313,0.2176,0.0,32.1677,26.69585771694951,49.74694155644467,medium,0.5603899391791318,0.5373483595671384,0.42595289497181954,54.154136657714844,0.463074620956421,True,False,54.154136657714844
low_shielding_gas,1955.908,31.7713,0.0866,10.682,1441.4985,0.3189,0.3303,6.0,0.1006,0.0519,1.8722,0.5565,0.6001,37.4292,0.0785,0.0,28.9037,30.558600512493044,62.523076082079065,medium,0.4981681776909078,0.6683048321809888,0.3879801402464829,59.38735580444336,0.49627585641479494,True,True,53.75337881515264
high_laser_power,2223.9241,30.9326,0.0573,20.3225,1745.3816,0.5126,0.2565,13.0,0.088,0.0216,2.0158,0.7002,0.1072,14.9702,0.1354,0.0,23.6544,35.41580745805917,78.58842980612027,high,0.8992937857045553,0.7541648194094918,0.8342990246083338,69.88167572021484,0.6409829715372722,True,True,79.23944206654029
normal,1735.7513,33.8752,0.0492,18.3933,1332.1677,0.3897,0.4816,5.0,0.0509,0.0908,1.9605,0.4989,0.0628,17.2809,0.1224,0.0,28.6094,22.57965060663446,36.132466412660705,low,0.5134516314365783,0.44937012938211834,0.6440946088252651,45.24739456176758,0.5676773247756959,True,False,44.902076028751594
fixture_vibration,1841.3447,38.9444,0.0435,18.0442,1411.2777,0.2767,0.3948,3.0,0.2081,0.1359,1.8565,0.5645,0.1449,27.9865,0.1979,0.0,6.8646,22.85809047169606,37.053414392275265,low,0.751823132411297,0.71496810636935,0.8528781587562823,39.389625549316406,0.6349846013031006,True,False,37.17705135535826
high_laser_power,2043.4359,37.0935,0.135,16.5778,1491.6316,0.5134,0.3952,12.0,0.0596,0.0602,1.9461,0.5599,0.0847,10.716,0.028,0.0,33.5093,27.537504235453557,52.530711978810174,medium,0.4493040576365549,0.9126221505586684,0.53259383542588,52.356605529785156,0.46756317396545416,True,False,55.84944631197253
lens_contamination_proxy,1774.2399,32.6224,0.0844,16.8504,1486.5114,0.4233,0.5878,2.0,0.0617,0.0482,2.1068,0.6051,0.1731,10.1243,0.4777,0.0,53.9245,23.365382936989544,38.731299025937055,low,0.42736834768743104,0.9033675221114325,0.7386574610000081,35.64034652709961,0.6449380147476197,True,False,31.619434608341024
speed_variation,1783.1096,43.9679,0.1447,18.1746,1403.2298,0.3238,0.5317,4.0,0.1151,0.0621,1.9762,0.5956,0.0817,25.5711,0.1335,0.0,39.709,26.322363532822312,48.51159864247783,medium,0.7469332880969126,0.5622554477366569,0.5514882718008696,51.8367805480957,0.4783242674636841,True,False,46.995157737123
speed_variation,1800.5705,22.6023,0.0437,17.3442,1387.6536,0.4297,0.4183,4.0,0.0741,0.0877,1.9873,0.6383,0.0472,11.3292,0.1445,0.0,30.7699,23.706034675328848,39.85801459199425,low,0.9057692053736455,0.4906312018965109,0.8583181663072024,30.755599975585938,0.5124259996643067,True,False,34.51114803561111
normal,1898.9982,37.084,0.1361,16.923,1424.2867,0.1662,0.5516,3.0,0.075,0.0303,2.1086,0.5735,0.1465,10.8818,0.0456,0.0,14.5372,18.343450469925898,22.121110832232056,low,0.7698847967075599,0.863979683032396,0.6441358461400979,26.117582321166992,0.4362152569160462,False,False,26.117582321166992
focal_offset,1960.6652,40.7389,0.3862,18.4668,1404.382,0.3341,0.3678,6.0,0.0025,0.0424,2.1531,0.7367,0.0959,13.7285,0.18,0.0,14.5058,26.8666277936346,50.311768568794214,medium,0.7044632086717162,0.6097894878563639,0.8014474901397026,50.746917724609375,0.49032188128662113,True,False,50.746917724609375
high_laser_power,1944.5977,29.3863,0.0844,16.0702,1535.2229,0.3329,0.357,7.0,0.0577,0.0582,1.9444,0.4799,0.139,10.7863,0.1054,0.0,28.5607,24.3613153014533,42.02537438645602,medium,0.47011548422094085,0.4252077087511291,0.3109750856050212,42.118247985839844,0.6055550901947022,True,False,42.71990099036236
speed_variation,1793.9742,46.3026,0.0715,17.3715,1437.2837,0.3545,0.3363,2.0,0.0379,0.0477,2.0441,0.6039,0.1701,24.2406,0.1369,0.0,5.9832,20.270153304699278,28.493736686685857,low,0.7188697962777573,0.9125467562361809,0.33754981620017577,38.68565368652344,0.6248977381896973,True,False,38.68565368652344
lens_contamination_proxy,1922.6378,33.2701,0.1579,17.3078,1348.1302,0.553,0.6954,3.0,0.0877,0.0337,2.211,0.6422,0.0322,3.1669,0.4725,0.0,57.0718,29.717286003070186,59.740403789438865,medium,0.9051578758904382,0.415257169672376,0.5413564115608946,53.8173942565918,0.5142235789718629,True,False,57.71754854331792
low_shielding_gas,1872.6307,36.9737,0.0219,11.0123,1529.9264,0.4581,0.4123,3.0,0.1233,0.0214,2.1725,0.5917,0.4643,20.1602,0.0642,0.0,7.7359,26.784586870172223,50.040415820179454,medium,0.6814162789492729,0.5103422451969958,0.7717683934374376,47.949668884277344,0.5796543028411865,True,False,47.2292149255828
focal_offset,1895.7466,38.957,0.3386,16.4663,1350.8353,0.2004,0.241,3.0,0.0898,0.0669,2.2651,0.5673,0.1593,25.5376,0.103,0.0,14.121,27.227873206405846,51.50659831403599,medium,0.7727527279443182,0.8694887894569692,0.8369429497139889,48.330535888671875,0.5028516315307617,True,False,44.65879915519316
lens_contamination_proxy,1777.8815,33.6828,0.0408,17.1579,1400.1204,0.5912,0.4662,3.0,0.019,0.071,1.8379,0.7821,0.158,7.7476,0.4681,0.0,65.669,23.287297258454565,38.4730283653486,low,0.32741188769727736,0.4490123616024242,0.7794080194201071,39.43359375,0.7008796640625,True,False,37.219786504561114
fixture_vibration,1661.9525,35.3077,0.0488,15.9426,1366.5967,0.4943,0.503,4.0,0.2395,0.2537,1.946,0.694,0.1102,23.0175,0.0382,0.0,43.8408,31.070134132909917,64.21498846008436,medium,0.825933129289581,0.989975752930556,0.500490162557117,58.29815673828125,0.4330802068684896,False,False,58.29815673828125
low_shielding_gas,1697.2256,43.4276,0.0982,16.2193,1409.7105,0.3344,0.4115,4.0,0.0409,0.0614,1.9332,0.5954,0.495,23.6618,0.2479,0.0,38.1609,27.57468209369904,52.65367882994695,medium,0.43372236114600526,0.7404770472607176,0.27932458471103105,50.103675842285156,0.563660457168579,True,False,52.91916352359042
low_shielding_gas,2009.4888,31.8752,0.0169,14.0472,1647.6056,0.3074,0.4737,5.0,0.1124,0.0467,2.026,0.6689,0.3628,22.618,0.121,0.0,22.8007,31.41389840674263,65.35199882812148,medium,0.5733140611759712,0.9734860273489744,0.4640205987385502,62.06845474243164,0.5268195869445801,True,False,62.06845474243164
fixture_vibration,1922.3299,37.4874,0.0647,18.7679,1501.6459,0.2559,0.4028,5.0,0.275,0.209,2.1714,0.6301,0.1607,25.5077,0.0953,0.0,42.943,27.18569767015652,51.36710149705045,medium,0.4719286379220665,0.8981598757452863,0.4371056694313001,53.099456787109375,0.4525182191772461,True,False,52.09919049755106
lens_contamination_proxy,1569.0007,35.1157,0.0264,18.9825,1422.5712,0.5596,0.4962,4.0,0.086,0.0401,2.1629,0.6483,0.0585,5.4652,0.4796,0.0,43.067,22.623035793308347,36.275964183727645,low,0.9329356461457291,0.8583033609798152,0.28214843914491017,35.30057144165039,0.6310928573226929,True,False,35.32308605775183
low_shielding_gas,1859.9915,36.072,0.0254,14.3036,1424.6928,0.3776,0.467,5.0,0.0794,0.0365,2.0477,0.7006,0.4016,28.1574,0.1194,0.0,19.0792,23.642462584334076,39.64774804575614,low,0.8411352113010305,0.8295684114691424,0.7533711829700661,49.20263671875,0.5566187451171876,True,True,40.0699757935098
normal,1840.3032,29.366,0.006,19.3779,1500.1313,0.2985,0.597,1.0,0.0335,0.0315,1.674,0.5776,0.2548,1.1341,0.0368,0.0,10.8494,16.138800294438045,14.829166036815536,low,0.764234764354613,0.776086529922984,0.5543504137008296,12.913321495056152,0.28325867055702214,False,False,12.913321495056152
speed_variation,1830.2925,35.5777,0.0554,18.3218,1401.4405,0.2696,0.4003,3.0,0.0835,0.0501,1.7325,0.6145,0.1238,24.9531,0.1546,0.0,28.2456,19.079036569499515,24.55408332374293,low,0.5066258694528287,0.8824799215410872,0.33615235261841886,39.666778564453125,0.6308079552612305,True,True,30.38834791979863
normal,1681.4853,36.1192,0.0203,18.701,1507.8024,0.2147,0.5975,8.0,0.1252,0.0819,2.1937,0.6095,0.0278,15.1871,0.1071,0.0,9.7029,21.381553644253575,32.16972574460692,low,0.9406420814470254,0.9484328078778191,0.860223480234575,36.50725173950195,0.5774307114181518,True,False,36.50725173950195
low_shielding_gas,1760.3413,34.8667,0.0254,8.6545,1358.0956,0.373,0.5798,2.0,0.096,0.0446,1.9914,0.5833,0.4579,30.7271,0.0965,0.0,25.8424,29.590573923604957,59.32129988867219,medium,0.7363586901729487,0.613155726877247,0.6076557997403675,52.67992401123047,0.521030294845581,True,False,52.67992401123047
fixture_vibration,1644.2396,29.5769,0.0241,17.4503,1489.2133,0.3225,0.4901,4.0,0.2192,0.1386,1.9401,0.618,0.1009,33.8185,0.0538,0.0,34.5157,27.768827568277832,53.29582065301203,medium,0.6697154090658286,0.6943346830186237,0.813661979794359,47.54298400878906,0.5280647198791504,True,True,54.75339002541136
focal_offset,1846.01,33.3723,0.4683,18.5638,1456.469,0.3238,0.364,1.0,0.0292,0.0626,2.1432,0.6625,0.1705,18.4206,0.0601,0.0,42.7034,23.5718982871994,39.414354573651394,low,0.6141925803183983,0.439913895575432,0.5580562794647507,46.07027816772461,0.5500244251937867,True,False,46.07027816772461
high_laser_power,2245.8125,35.1208,0.0714,18.1426,1585.1324,0.4395,0.4931,6.0,0.0804,0.0487,1.9332,0.6105,0.1852,9.3625,0.1954,0.0,15.9601,28.672061404222017,56.28329292516053,medium,0.6609867583758864,0.5891378211441815,0.5408052886648711,59.05569076538086,0.4691780806986492,True,False,59.05569076538086
normal,1769.1893,33.6585,0.1312,16.5733,1462.7881,0.372,0.5194,5.0,0.0704,0.0359,1.8598,0.6061,0.0381,4.7547,0.1321,0.0,28.428,19.210098838797066,24.987575604334918,low,0.3534483607795341,0.7452839877444846,0.3963654829686045,31.72013282775879,0.5246960763816834,True,False,28.54198756808991
high_laser_power,2200.22,33.7566,0.1432,18.109,1606.8146,0.4695,0.4719,8.0,0.056,0.0636,2.0723,0.5353,0.1457,9.8627,0.1382,0.0,13.9,31.16581576669566,64.5314582561809,medium,0.37374094805746216,0.8619333935490705,0.2750522995602332,62.51490020751953,0.5220984204711914,True,False,61.86456322094875
normal,1829.9763,35.355,0.1176,19.3015,1424.5296,0.3341,0.4971,4.0,0.0349,0.0689,2.0067,0.4762,0.2119,12.1841,0.1346,0.0,28.813,17.68137674366651,19.93128266082575,low,0.45364248669808305,0.5070652906804057,0.31292659704823145,32.34503173828125,0.5521164364013672,True,True,21.09093786840243
high_laser_power,1823.6651,39.3269,0.0674,19.1755,1590.025,0.3056,0.4705,9.0,0.061,0.0154,2.181,0.5695,0.154,12.6176,0.1014,0.0,24.5559,23.77328839886251,40.08045824529862,medium,0.5410651815194267,0.9738534395139932,0.7613223131208395,50.22792434692383,0.5008262902297974,True,False,47.62725362068411
fixture_vibration,1945.0005,34.577,0.1308,17.946,1553.779,0.3117,0.6197,5.0,0.272,0.1431,2.1481,0.6476,0.1149,13.1338,0.0967,0.0,4.2803,28.32240507732191,55.12679441965068,medium,0.34418654588920294,0.5186358959054472,0.8743815256293063,54.393943786621094,0.44835627293396,False,False,54.393943786621094
speed_variation,1928.4737,33.8972,0.1298,17.7433,1505.5961,0.3403,0.5154,5.0,0.0735,0.0872,2.5773,0.6163,0.0797,19.0535,0.2155,0.0,16.6275,26.145606835217006,47.92697070672253,medium,0.553645319125815,0.930470162698597,0.5421959567302885,56.86756134033203,0.4184907815704346,False,False,56.86756134033203
focal_offset,1889.6131,36.808,0.3105,19.4855,1352.3665,0.2338,0.4553,4.0,0.0804,0.0358,2.0524,0.6709,0.22,18.8299,0.2048,0.0,3.4646,24.56710143819305,42.70601803933679,medium,0.5958991525621964,0.9990961847577453,0.8191003789427035,46.35881042480469,0.5670811066589356,True,True,39.29610167233711
high_laser_power,2256.5012,37.5207,0.0718,18.3137,1600.5565,0.4164,0.4524,3.0,0.002,0.0328,1.9469,0.6645,0.183,12.2277,0.1855,0.0,23.2384,27.500895578812752,52.409627778592316,medium,0.5920088317460733,0.7364689457790619,0.5639099531566596,54.667564392089844,0.4619077396087647,True,False,54.667564392089844
fixture_vibration,1736.5794,37.4713,0.0266,17.0239,1401.7329,0.3154,0.3497,1.0,0.2892,0.2449,1.9558,0.6544,0.1276,24.4729,0.0555,0.0,25.1508,23.971960688742307,40.737572642081275,medium,0.3916543553566612,0.7884883600363657,0.8505352603545294,41.535369873046875,0.6043491642456055,True,False,41.535369873046875
fixture_vibration,1857.3216,37.586,0.0682,20.0189,1500.7461,0.3913,0.4023,6.0,0.2605,0.1405,2.1381,0.6142,0.1036,32.9461,0.1359,0.0,26.5587,26.634014651676534,49.54239381324087,medium,0.4632932226325819,0.5594401879849098,0.8600324483246928,50.75043487548828,0.4938285204620362,True,False,50.41502908579546
high_laser_power,2069.1475,36.2146,0.0852,19.7681,1622.2653,0.556,0.3591,9.0,0.0966,0.0457,2.1413,0.6202,0.1706,6.2929,0.189,0.0,6.6414,28.15072808797891,54.55896776721798,medium,0.2752418839941546,0.9858328799969649,0.3265985355887902,55.029541015625,0.46191656103515627,True,False,53.907417868790446
high_laser_power,2007.1386,28.2506,0.1266,17.2415,1704.4199,0.4297,0.4882,5.0,0.0679,0.0678,1.944,0.7744,0.1396,11.8526,0.1399,0.0,15.2937,33.42971136608993,72.01935902017237,high,0.45170892992772316,0.8278341278877617,0.42772930638233714,68.20175170898438,0.6232433646647135,True,True,72.73646155999764
normal,1741.2375,40.4052,0.1221,17.5347,1398.8789,0.2667,0.3681,4.0,0.0743,0.0332,1.7861,0.5504,0.0843,3.2331,0.1479,0.0,24.2962,18.93393936445627,24.074170083579805,low,0.8457921387755442,0.727643092936233,0.5606652774808901,24.77960968017578,0.417588633102417,False,False,24.77960968017578
fixture_vibration,1866.5471,32.4175,0.0728,19.7761,1330.0038,0.4674,0.4743,2.0,0.3576,0.264,2.0245,0.5744,0.1054,31.4892,0.1473,0.0,33.8165,32.16254924422561,67.8281833215458,medium,0.6031683659155611,0.5574361175897828,0.8966296803392454,55.82765579223633,0.43725123285675055,False,False,55.82765579223633
focal_offset,1699.7951,36.7116,0.458,18.3317,1442.8087,0.4435,0.4681,1.0,0.0652,0.0372,2.2263,0.6843,0.2723,29.4863,0.0374,0.0,6.0679,28.04215911076992,54.19987270664783,medium,0.3165344382950809,0.5705593947287646,0.4273228145947932,46.25206756591797,0.576513820968628,True,True,54.47054966613517
low_shielding_gas,1769.4667,35.6804,0.0008,9.5464,1281.7879,0.3928,0.384,5.0,0.1735,0.0238,2.0949,0.6245,0.5129,29.4678,0.0373,0.0,40.7298,32.294039452554124,68.26309102297157,medium,0.3161266676430607,0.5569594265884987,0.446147163353005,64.39778137207031,0.5820024084879557,True,False,67.17812398648378
low_shielding_gas,1873.2387,31.5127,0.0617,11.4691,1458.5406,0.2936,0.4174,2.0,0.0275,0.0288,2.0115,0.5353,0.5595,20.6747,0.2133,0.0,29.4087,23.317943788076334,38.57439265645369,low,0.6375055804605971,0.8164654459670189,0.7740241275390715,42.71894836425781,0.6667417099914552,True,True,36.51330164923496
lens_contamination_proxy,1805.6702,28.2188,0.0669,18.5822,1421.7105,0.4251,0.681,2.0,0.1127,0.0525,1.8774,0.612,0.127,8.3371,0.4804,0.0,59.218,24.781258996330113,43.41435041279877,medium,0.6915825682553196,0.8850199548244848,0.7973455986519559,34.59146499633789,0.631049143699646,True,False,33.97317112647709
high_laser_power,2092.8531,41.7288,0.1186,17.0287,1606.6981,0.4143,0.5287,12.0,0.0712,0.089,2.0069,0.629,0.1063,0.0,0.188,1.0,9.6944,34.61965904530813,75.95514569633882,high,0.5557021724626536,0.6151622682353334,0.5708868495759198,67.65387725830078,0.6604624997355143,True,True,70.44840110611358
focal_offset,1717.6359,31.5276,0.3703,17.3423,1600.9935,0.2757,0.5842,2.0,0.0219,0.0523,2.05,0.4627,0.1647,20.4837,0.0018,0.0,16.8172,29.346129675108013,58.5127934029653,medium,0.7159793152745758,0.7789683457340313,0.41447258745429433,55.170902252197266,0.4280835940322877,False,False,55.170902252197266
focal_offset,1758.7192,34.8192,0.4924,18.9472,1355.6963,0.4945,0.4832,5.0,0.0662,0.0813,2.2981,0.6624,0.1023,26.2968,0.0691,0.0,19.0058,32.78500723755986,69.88698130016601,medium,0.9446628948390859,0.4557832659682224,0.8164159063817891,63.85646438598633,0.5360737637430827,True,False,65.07825451755413
lens_contamination_proxy,1797.4816,40.1176,0.0342,18.5448,1420.021,0.6093,0.5702,6.0,0.0773,0.0714,2.0625,0.7289,0.1624,0.2216,0.5771,0.0,52.0472,24.790840125655013,43.44604027765429,medium,0.56374512977981,0.605396814853098,0.44998255314636953,42.20253372192383,0.6998884113235475,True,False,42.20253372192383
normal,1776.0745,36.0206,0.1479,17.6468,1458.1527,0.2627,0.4254,5.0,0.068,0.0606,1.9711,0.4983,0.0211,10.7908,0.089,0.0,24.3921,16.671529668627382,16.591183988995105,low,0.7536240691656557,0.41623120225445415,0.26724608418394835,27.440757751464844,0.44252891908264164,False,False,27.440757751464844
low_shielding_gas,1647.7234,37.998,0.1128,12.3249,1538.3838,0.351,0.4733,1.0,0.0851,0.0464,2.0736,0.5978,0.3386,27.0404,0.0454,0.0,22.2939,28.427634999525786,55.47484545834522,medium,0.5049344124404378,0.4273196519811373,0.6089057571478775,48.25692367553711,0.5508235494613648,True,False,52.037251689320726
high_laser_power,1991.5645,36.4366,0.1156,15.8302,1684.8465,0.5199,0.3991,4.0,0.1001,0.045,1.9408,0.6969,0.1456,14.4914,0.1242,0.0,11.7063,30.929572170405066,63.75007566697241,medium,0.5095586169628068,0.7095174715673289,0.7426417071763594,60.96577072143555,0.4917312132263184,True,True,69.9272010191406
lens_contamination_proxy,1876.1926,36.3553,0.0438,18.8778,1420.4772,0.5335,0.7589,5.0,0.0659,0.0537,1.9399,0.6718,0.0353,10.9177,0.5629,0.0,77.4587,26.317687523258186,48.49613260438092,medium,0.7854992001912179,0.405127534303246,0.8666195741632167,38.41706848144531,0.6955671916198731,True,True,43.60237865757676
normal,1702.5816,36.0092,0.0397,18.3713,1423.2021,0.4747,0.3197,5.0,0.0977,0.1002,1.9118,0.6528,0.1536,13.131,0.0859,0.0,25.0465,19.364789824186428,25.499220552975444,low,0.7656939819375542,0.3548795713199999,0.8466089978067272,31.54707908630371,0.528474837436676,True,True,20.90214347671358
fixture_vibration,1790.6861,29.888,0.0889,18.5614,1306.7678,0.278,0.3919,3.0,0.273,0.1792,2.0248,0.6257,0.107,18.4019,0.1707,0.0,13.3875,26.562014166428295,49.30425010703715,medium,0.5572149078264366,0.8449311660696049,0.6080906995187619,48.86039352416992,0.5132915890426636,True,False,45.763978946932156
speed_variation,1936.0106,42.029,0.1078,18.1176,1362.2792,0.3513,0.3655,3.0,0.0768,0.0339,1.9412,0.5021,0.1568,14.3233,0.2256,0.0,5.6477,22.959525866870294,37.38891492208068,low,0.7401855714015744,0.3818264113851315,0.48449314623686485,37.979042053222656,0.6250480782318115,True,False,35.32411036108373
lens_contamination_proxy,1821.9694,37.9865,0.047,19.1165,1540.6197,0.5788,0.5588,5.0,0.0556,0.0178,1.9409,0.5379,0.0,9.727,0.5485,0.0,65.4356,25.155384303405313,44.65178078433467,medium,0.4676730569445363,0.9948273035932357,0.5076835529871279,38.468013763427734,0.6804524392471315,True,True,44.896253143895734
focal_offset,1814.4172,39.416,0.2076,16.5811,1568.1532,0.2908,0.4801,4.0,0.1037,0.0636,2.125,0.5881,0.0377,21.764,0.1512,0.0,21.1619,27.109257102616986,51.11427208908995,medium,0.8157760304450112,0.37033428338606894,0.34075537521642846,55.36054229736328,0.4194707934112549,False,False,55.36054229736328
low_shielding_gas,1788.7492,34.8932,0.033,13.4818,1409.3497,0.384,0.4308,2.0,0.0366,0.0654,2.0921,0.5738,0.6379,31.223,0.0926,0.0,20.5004,23.78072603817992,40.10505845439927,medium,0.45551563043667853,0.9449441941856106,0.37558540958933484,43.22373580932617,0.6658466326217651,True,False,43.22373580932617
focal_offset,1748.0215,33.5414,0.4311,19.1762,1501.5769,0.5192,0.2909,3.0,0.0614,0.0489,2.1344,0.6276,0.0095,27.4937,0.1335,0.0,38.7135,27.436894022730474,52.19794076404387,medium,0.5072582670805896,0.9899695953629901,0.7357253701248454,51.7064323425293,0.4717015552902222,True,False,47.735845278756145
fixture_vibration,1864.2957,34.9681,0.1144,18.8208,1350.8977,0.3716,0.4477,4.0,0.2809,0.2058,2.1323,0.6518,0.0384,24.2512,0.0,0.0,23.4777,27.16176410907486,51.287940545301446,medium,0.9356994764106148,0.5307736819664671,0.8065488524677948,49.358829498291016,0.4901638443984986,True,False,48.088786728451346
lens_contamination_proxy,1732.8512,32.9843,0.0995,17.0001,1343.3461,0.5905,0.6191,3.0,0.1174,0.0373,1.961,0.7172,0.1021,17.5885,0.5619,0.0,48.1328,30.409163546567942,62.028808956148666,medium,0.8947400381066342,0.8683820431924891,0.4788329382555048,56.91561508178711,0.4893417926254273,True,False,59.82798000561936
lens_contamination_proxy,1805.4347,35.8737,0.1588,19.5196,1497.0332,0.5228,0.5464,7.0,0.0732,0.0478,1.9323,0.6517,0.1574,5.1695,0.5686,0.0,44.5086,24.743670403251908,43.29002504421598,medium,0.74140152677726,0.506147079496852,0.7614793979425181,49.37925338745117,0.5901857659225465,True,False,49.37925338745117
focal_offset,1940.5294,32.213,0.2826,16.8165,1563.2403,0.5,0.3176,1.0,0.0684,0.0615,2.2517,0.6572,0.1698,23.7102,0.1303,0.0,34.5605,29.939728248766713,60.47613800878213,medium,0.9432251650283907,0.8838000112885995,0.873034941084044,54.20527648925781,0.4586971982727051,True,False,54.20527648925781
high_laser_power,2101.6579,34.0234,0.1183,16.7311,1626.761,0.4889,0.3885,7.0,0.0721,0.0407,2.0998,0.6705,0.0873,9.4864,0.1986,0.0,33.7278,30.343893520710385,61.81292644079976,medium,0.8405118693337787,0.8850327563205213,0.38765190625310175,57.3332405090332,0.42212882599894214,False,False,57.3332405090332
fixture_vibration,1777.2734,36.0986,0.0239,18.0512,1404.2426,0.389,0.282,7.0,0.3356,0.2206,2.0631,0.6329,0.1247,27.5325,0.1287,0.0,29.8432,26.203054370724775,48.11698010694979,medium,0.8334209876519918,0.5706605402357867,0.2892150320732441,47.876747131347656,0.5270529769439698,True,False,45.963646278651794
fixture_vibration,1922.7476,38.3903,0.0236,17.4117,1407.9663,0.333,0.4952,3.0,0.3319,0.1749,2.0055,0.5859,0.1062,32.7844,0.3119,0.0,42.8718,29.66626638933384,59.571654928061534,medium,0.38984295616204034,0.9955049782548292,0.7974005260859667,54.92731475830078,0.4575711720733643,True,False,52.69236676878756
high_laser_power,1981.7059,39.3161,0.0418,16.8518,1614.391,0.5895,0.3684,5.0,0.0577,0.0218,1.9007,0.6525,0.1021,10.8349,0.1427,0.0,3.1291,26.573341919657594,49.341716981429535,medium,0.41299659946059436,0.39388701212181976,0.6260960429281408,56.68381118774414,0.4283568461685181,False,False,56.68381118774414
normal,1763.3751,30.9192,0.0784,17.6743,1447.0803,0.4665,0.4248,2.0,0.0214,0.0451,2.0714,0.5442,0.0822,8.1515,0.0908,0.0,24.501,16.683882711576356,16.632042039057126,low,0.48841355691406696,0.48544657193275975,0.5539740940926381,32.29570770263672,0.536036980911255,True,False,35.32730365012452
fixture_vibration,1848.7018,32.9774,0.016,16.023,1415.3109,0.4064,0.4294,2.0,0.2637,0.2299,2.1677,0.6088,0.0822,17.3752,0.0177,0.0,42.5199,24.84517366914779,43.62575005841396,medium,0.7300203418191618,0.43956579835307336,0.8714303286897089,39.16365051269531,0.6171489445495606,True,False,39.16365051269531
focal_offset,1614.3086,33.9329,0.3474,17.1669,1537.007,0.3337,0.446,2.0,0.0233,0.0525,2.3476,0.5634,0.1008,26.4875,0.0922,0.0,25.587,29.144592305961424,57.84620267289393,medium,0.6481188371670257,0.5443133732272886,0.7828757578547156,50.35240936279297,0.49177287126159674,True,False,50.35240936279297
focal_offset,1609.5011,39.2036,0.4011,18.2538,1311.691,0.3352,0.3943,1.0,0.0454,0.0521,2.1492,0.5747,0.1849,19.6764,0.1468,0.0,13.5253,30.283875964403734,61.6144166217773,medium,0.396340361021569,0.5569121519588632,0.7349441863235873,52.59687423706055,0.4750527292404175,True,True,59.47930612320838
focal_offset,1793.6388,31.4388,0.2772,19.884,1354.8183,0.4002,0.3435,0.0,0.072,0.0345,2.1855,0.6005,0.1409,24.6651,0.1935,0.0,42.0204,24.456030524228023,42.33864774993013,medium,0.28736735283902276,0.9864960119097318,0.3197530358411383,51.3537712097168,0.49388014586639406,True,False,47.57192640815911
fixture_vibration,1770.4327,39.7648,0.0965,18.9262,1538.9607,0.4183,0.4315,5.0,0.2836,0.2464,1.855,0.7197,0.1662,17.8437,0.2152,0.0,22.6771,30.108822421501742,61.03542191990768,medium,0.4090671052493438,0.8269397733346455,0.5892470060000148,54.08932876586914,0.4696919794692993,True,False,53.901310588065066
fixture_vibration,1791.3439,32.7185,0.0253,17.7417,1475.0162,0.3532,0.3927,5.0,0.3169,0.2568,2.0233,0.5551,0.1149,23.7941,0.1502,0.0,6.5593,24.64235349126909,42.954916401023965,medium,0.738684548785046,0.6808071986383802,0.6674640720691958,45.00666427612305,0.5718626162033081,True,False,42.468618598475246
lens_contamination_proxy,1687.4716,39.4322,0.1073,20.5904,1388.3624,0.6282,0.6456,3.0,0.1435,0.0243,1.8872,0.6643,0.2124,7.7045,0.3371,0.0,43.3537,27.23154335894676,51.518737450673925,medium,0.6025430476281695,0.8954630130523109,0.664845309402119,49.39973831176758,0.5874673482131958,True,False,45.029637713106325
normal,1767.7785,33.9067,0.1366,18.2812,1441.28,0.3763,0.3728,2.0,0.094,0.0759,1.8428,0.6174,0.0914,8.4558,0.0811,0.0,13.5871,16.34271531677441,15.50362092420095,low,0.5876124058600302,0.546346519709365,0.636277251296027,24.496910095214844,0.4173262638092041,False,False,24.496910095214844
speed_variation,1669.066,18.4134,0.0948,15.0729,1473.8499,0.2171,0.4091,4.0,0.1339,0.0393,2.0723,0.5664,0.0675,15.9759,0.0869,0.0,7.0079,25.83286118061749,46.89255532703924,medium,0.5115298969217001,0.4352206504670429,0.5548533013582369,36.7164192199707,0.5708927642745972,True,False,36.7164192199707
lens_contamination_proxy,1597.7458,34.3586,0.0399,18.7575,1597.9147,0.588,0.5747,4.0,0.0969,0.038,2.0124,0.6175,0.0628,8.1066,0.6011,0.0,26.334,28.101530744761106,54.396246118761425,medium,0.868901997956772,0.4340858222478784,0.42818735589759543,48.773563385009766,0.5971775034561158,True,False,48.773563385009766
lens_contamination_proxy,1763.8207,41.6878,0.0786,17.9909,1351.2306,0.4999,0.6795,7.0,0.0956,0.1011,1.9374,0.6637,0.0831,14.3242,0.5743,0.0,48.9027,32.37362490378588,68.52632222552364,medium,0.7904734239482099,0.7742463776650159,0.2700803440734209,60.278892517089844,0.5384641961466472,True,False,60.278892517089844
low_shielding_gas,1821.1904,36.8389,0.0951,14.742,1466.6487,0.294,0.3918,1.0,0.0235,0.0547,2.1765,0.5668,0.3723,21.8026,0.0715,0.0,13.2785,19.231129227832405,25.057134229815215,low,0.7952974482046903,0.6544708168104011,0.6867052225991438,35.47933578491211,0.5990516170425415,True,False,35.47933578491211
normal,1852.2699,35.1857,0.1414,18.3324,1535.561,0.4417,0.4204,6.0,0.0382,0.0178,1.9063,0.5918,0.1342,7.1396,0.0881,0.0,35.7448,20.80149054436467,30.251150113299747,low,0.37548781571041734,0.5752111260146676,0.3512424861334766,37.094329833984375,0.6062052852172852,True,False,39.923223898572054
lens_contamination_proxy,1905.4122,35.3577,0.0683,17.029,1319.9041,0.6047,0.5069,7.0,0.067,0.0287,1.8568,0.7142,0.0875,15.5916,0.5982,0.0,47.5931,30.593683981774156,62.63911568059404,medium,0.5786890678930655,0.3816540070040033,0.38915998806886815,60.44778060913086,0.5426247278340659,True,False,60.44778060913086
focal_offset,1817.0859,34.7454,0.3229,17.5744,1458.9343,0.3074,0.3643,5.0,0.0787,0.0426,1.9406,0.573,0.039,21.1863,0.1018,0.0,10.6291,20.920931380641473,30.64620416501846,low,0.2844778839493158,0.606169538685527,0.8879016158144512,43.11528396606445,0.5761385954666138,True,False,43.11528396606445
focal_offset,1914.7002,36.2607,0.327,18.3374,1597.4596,0.2527,0.4932,5.0,0.0539,0.0532,2.0085,0.7244,0.141,10.5155,0.1895,0.0,35.1288,27.54199610294824,52.54556896163843,medium,0.5064747148783733,0.988538344017946,0.8315471264640798,51.342437744140625,0.49042923101806646,True,False,53.47855942411132
speed_variation,1719.5089,28.6186,0.1168,19.4489,1490.9345,0.3697,0.5178,4.0,0.0403,0.0746,1.4507,0.5937,0.1008,21.4341,0.1162,0.0,9.065,24.733537446282018,43.25650999332024,medium,0.3060344985523295,0.8709031319977699,0.5955483971520357,44.22853088378906,0.5867627003479005,True,False,44.22853088378906
fixture_vibration,1802.8897,38.8717,0.1185,17.6631,1562.5927,0.3061,0.4934,5.0,0.2821,0.217,1.8781,0.6174,0.2096,18.1611,0.1123,0.0,6.6649,29.386401031558464,58.64599208969492,medium,0.8525033478281258,0.8440097316336226,0.7082683277407253,59.29742431640625,0.45556936246744795,True,True,54.17154691017528
high_laser_power,2148.6306,34.4093,0.0755,18.4996,1533.7435,0.3286,0.4324,10.0,0.0604,0.0447,1.9972,0.571,0.1522,6.3713,0.0278,0.0,41.3652,24.32968221581275,41.920747032527395,medium,0.6132008522705144,0.6453973296941276,0.597490488338029,42.90906524658203,0.5924358528594971,True,True,49.166865600587904
fixture_vibration,1828.0809,34.7364,0.0044,19.0156,1432.3637,0.3842,0.4876,7.0,0.2825,0.1543,2.0179,0.7499,0.1491,16.769,0.106,0.0,9.5844,21.58773674259602,32.851682359573445,low,0.34782673852651685,0.3692447379335986,0.8542833035977109,32.87897491455078,0.5516304050750733,True,False,32.87897491455078
high_laser_power,2199.9011,35.7677,0.0753,16.8086,1677.0865,0.4801,0.4073,10.0,0.0564,0.0208,2.1815,0.6772,0.1421,0.0,0.0,0.0,34.3471,31.489452758735652,65.60189705229877,medium,0.2602779904920495,0.5259108989760592,0.6780124994556398,67.58102416992188,0.5955373597819011,True,False,65.35558039420984
fixture_vibration,1592.0907,37.6117,0.0107,18.8713,1560.9693,0.2748,0.4727,5.0,0.2855,0.2592,2.1764,0.5861,0.1042,23.4857,0.0863,0.0,42.2387,30.597590521314682,62.652036674131864,medium,0.4361089730216637,0.4510370166542246,0.7411007026077278,55.99818420410156,0.41043996719360354,False,False,55.99818420410156
fixture_vibration,1753.3548,35.2271,0.1109,19.2822,1355.1677,0.3317,0.3896,4.0,0.1925,0.1352,1.9096,0.5874,0.1421,26.0888,0.1586,0.0,15.8668,24.215235463189067,41.54221105823754,medium,0.8328747372404862,0.8705665348693108,0.4582581823382501,47.250003814697266,0.5434894475479126,True,True,40.82409362176241
low_shielding_gas,1803.2019,36.0818,0.113,13.6475,1386.048,0.3438,0.2773,5.0,0.1125,0.0312,1.9088,0.6556,0.3755,29.619,0.1141,1.0,37.9932,27.32557140825267,51.829737967845624,medium,0.8849725355093504,0.449791589335499,0.7776390412925224,55.62621307373047,0.49332807023620606,True,False,56.87075396542696
high_laser_power,2067.2649,32.8238,0.1038,17.5074,1548.7472,0.5774,0.3868,10.0,0.0453,0.0614,1.9809,0.4502,0.0843,8.6363,0.1122,1.0,31.9653,30.137392060455525,61.12991683451692,medium,0.7920249912992903,0.9695835911883728,0.30275010027553456,56.110740661621094,0.47555531590270994,True,False,56.110740661621094
speed_variation,1695.4128,42.3979,0.0865,19.8448,1325.3871,0.3455,0.3363,3.0,0.1256,0.0785,2.1646,0.6887,0.0993,18.436,0.0725,0.0,41.2329,24.90577443647699,43.82618886491378,medium,0.2575093514829734,0.984831650840783,0.8132957408998871,45.38615798950195,0.5512973276443482,True,False,44.18639720179804
high_laser_power,1989.2487,30.478,0.0271,18.5764,1572.0371,0.4453,0.3424,12.0,0.055,0.0727,2.0914,0.5499,0.1824,2.1357,0.2501,0.0,36.3065,26.630434860994214,49.53055355108733,medium,0.5255413197824197,0.9269212075172282,0.5803253946058591,50.66334915161133,0.5193281991653442,True,True,55.8967981366828
lens_contamination_proxy,1822.4133,38.0225,0.0796,18.8472,1572.0551,0.7228,0.6284,3.0,0.0794,0.0368,1.8573,0.7449,0.061,6.501,0.4553,0.0,60.8004,28.68600677169548,56.32941763505731,medium,0.6099560091332901,0.6629693712120824,0.5263031488841853,47.85480880737305,0.6089216288986207,True,True,53.39667707016997
high_laser_power,2135.4607,32.8121,0.1366,17.7878,1751.8548,0.6145,0.5216,10.0,0.1115,0.0819,2.0226,0.705,0.1241,12.1613,0.3018,0.0,21.2087,41.050390786954935,97.22497860479318,high,0.6554536982593271,0.9366600799925008,0.25300221924816296,80.78691864013672,0.49345882493082693,True,True,86.34536602004601
lens_contamination_proxy,1931.5061,37.9024,0.0204,18.8189,1491.7462,0.6071,0.572,1.0,0.0734,0.0546,1.9214,0.6843,0.1643,6.3989,0.6858,1.0,24.3671,25.63838220579484,46.24931044218483,medium,0.6031716931350906,0.6153018343501584,0.850175529021778,42.02937698364258,0.7596780664749145,True,False,42.02937698364258
lens_contamination_proxy,1682.7613,39.4208,0.1044,19.6468,1478.5017,0.355,0.4556,0.0,0.0803,0.0253,2.0674,0.6207,0.0969,6.1658,0.592,0.0,48.0289,19.862427186253786,27.14517065094457,low,0.703563937540847,0.7691324763335388,0.8435499377256851,25.522489547729492,0.49331873128128056,True,False,22.577818466139767
lens_contamination_proxy,1743.4741,39.1037,0.1595,15.7718,1526.2733,0.6842,0.5428,3.0,0.1014,0.0092,1.9484,0.5867,0.1886,6.5621,0.4079,0.0,37.9483,29.14979568840656,57.86341301218552,medium,0.9209004266306806,0.6754979969021808,0.47637932424994656,55.79737854003906,0.502352795074463,True,False,55.79737854003906
focal_offset,1835.3545,38.1366,0.3151,18.3327,1637.0445,0.4055,0.4657,10.0,0.04,0.0804,2.0321,0.5788,0.1207,25.165,0.0954,0.0,15.2808,33.490337006243095,72.21988009426333,high,0.5934948960481646,0.4228457411491534,0.7771258864559493,67.44873809814453,0.5981836151326498,True,True,66.91430922330508
high_laser_power,2075.0008,33.68,0.0569,17.6049,1667.5818,0.5696,0.4162,12.0,0.1039,0.1002,2.1291,0.6774,0.0633,6.9624,0.113,0.0,2.5224,32.71054513110527,69.64069570998291,medium,0.7787311209563211,0.6693173401543879,0.5594869837087668,70.06089782714844,0.649499039835612,True,False,67.97714935280618
