reward,downtime,cost,failures,unnecessary,reviewed,resource_blocked,policy,case_id,seed,steps
7.255068224847822,0.0,0.0,0.0,0.0,1.0,0.0,corrective,case_11_0021,11,20
-247.7854918419412,0.0,0.0,5.0,0.0,17.0,0.0,corrective,case_11_0023,11,20
8.555185789893759,0.0,0.0,0.0,0.0,0.0,0.0,corrective,case_11_0026,11,20
-195.5643933612456,0.0,0.0,4.0,0.0,7.0,0.0,corrective,case_11_0029,11,20
8.857270143644612,0.0,0.0,0.0,0.0,1.0,0.0,corrective,case_11_0032,11,20
-104.38316174332452,0.0,0.0,2.0,0.0,11.0,0.0,corrective,case_11_0040,11,20
-1.0126641562906187,0.0,0.0,0.0,0.0,2.0,0.0,corrective,case_11_0043,11,20
-149.0840959325453,0.0,0.0,3.0,0.0,6.0,0.0,corrective,case_11_0045,11,20
6.316771109377339,0.0,0.0,0.0,0.0,0.0,0.0,corrective,case_11_0047,11,20
12.356114400204287,0.6398474349159355,0.5183865403143575,0.0,2.0,1.0,0.0,fixed_periodic,case_11_0021,11,20
-14.110282738001551,0.8727183062973143,0.752486728187632,0.0,1.0,17.0,0.0,fixed_periodic,case_11_0023,11,20
14.520312142294236,0.5511133980591076,0.5137291175589374,0.0,2.0,0.0,0.0,fixed_periodic,case_11_0026,11,20
-9.047920483444555,0.966381673122788,0.7715940160573843,0.0,2.0,7.0,0.0,fixed_periodic,case_11_0029,11,20
14.867233934625979,0.5630520578880076,0.4887039905733954,0.0,2.0,1.0,0.0,fixed_periodic,case_11_0032,11,20
-6.8129848331146725,0.8574882927652181,0.7431408876753616,0.0,2.0,11.0,0.0,fixed_periodic,case_11_0040,11,20
5.366470764912243,0.6062983241905624,0.5053045207123836,0.0,2.0,2.0,0.0,fixed_periodic,case_11_0043,11,20
-6.677450154155119,0.8496469203596121,0.7378095917375619,0.0,2.0,6.0,0.0,fixed_periodic,case_11_0045,11,20
12.234657880585635,0.6784258298988264,0.5210735137717688,0.0,2.0,0.0,0.0,fixed_periodic,case_11_0047,11,20
7.255068224847822,0.0,0.0,0.0,0.0,1.0,0.0,alert_only,case_11_0021,11,20
-247.7854918419412,0.0,0.0,5.0,0.0,17.0,0.0,alert_only,case_11_0023,11,20
8.555185789893759,0.0,0.0,0.0,0.0,0.0,0.0,alert_only,case_11_0026,11,20
-195.5643933612456,0.0,0.0,4.0,0.0,7.0,0.0,alert_only,case_11_0029,11,20
8.857270143644612,0.0,0.0,0.0,0.0,1.0,0.0,alert_only,case_11_0032,11,20
-104.38316174332452,0.0,0.0,2.0,0.0,11.0,0.0,alert_only,case_11_0040,11,20
-1.0126641562906187,0.0,0.0,0.0,0.0,2.0,0.0,alert_only,case_11_0043,11,20
-149.0840959325453,0.0,0.0,3.0,0.0,6.0,0.0,alert_only,case_11_0045,11,20
6.316771109377339,0.0,0.0,0.0,0.0,0.0,0.0,alert_only,case_11_0047,11,20
8.909738163244144,1.6659574081811201,1.1022857852539032,0.0,1.0,1.0,0.0,rule_based,case_11_0021,11,20
-12.357538348847628,5.267274873914565,4.496372881558246,0.0,5.0,17.0,0.0,rule_based,case_11_0023,11,20
8.559904510685534,1.3527363526583547,1.0233749499758529,0.0,0.0,0.0,0.0,rule_based,case_11_0026,11,20
-6.823154339273822,3.763360231346853,2.7134802681249255,0.0,0.0,7.0,0.0,rule_based,case_11_0029,11,20
8.256361199102715,1.9006109878807318,1.3978601242960798,0.0,2.0,1.0,0.0,rule_based,case_11_0032,11,20
-6.857624262145837,3.522392388632729,2.9261598558968505,0.0,3.0,11.0,0.0,rule_based,case_11_0040,11,20
-0.4653650524715454,2.082031258483731,1.46954213018632,0.0,2.0,2.0,0.0,rule_based,case_11_0043,11,20
-5.353352449498608,2.9605044163441567,2.3992074036951703,0.0,2.0,6.0,0.0,rule_based,case_11_0045,11,20
6.15841404339748,1.7321501259845118,1.051340704277206,0.0,0.0,0.0,0.0,rule_based,case_11_0047,11,20
7.255068224847822,0.0,0.0,0.0,0.0,1.0,0.0,predicted_urgency_only,case_11_0021,11,20
-20.030171389369844,0.8640101295233354,0.6195557680026328,0.0,0.0,17.0,0.0,predicted_urgency_only,case_11_0023,11,20
8.555185789893759,0.0,0.0,0.0,0.0,0.0,0.0,predicted_urgency_only,case_11_0026,11,20
-149.830023507026,0.23244043521904428,0.13995020413788717,3.0,0.0,7.0,0.0,predicted_urgency_only,case_11_0029,11,20
8.857270143644612,0.0,0.0,0.0,0.0,1.0,0.0,predicted_urgency_only,case_11_0032,11,20
-11.041213136478305,0.9458797093309357,0.6809156455989906,0.0,0.0,11.0,0.0,predicted_urgency_only,case_11_0040,11,20
-1.0126641562906187,0.0,0.0,0.0,0.0,2.0,0.0,predicted_urgency_only,case_11_0043,11,20
-103.61626750134913,0.21032534221136795,0.1374998326822286,2.0,0.0,6.0,0.0,predicted_urgency_only,case_11_0045,11,20
6.316771109377339,0.0,0.0,0.0,0.0,0.0,0.0,predicted_urgency_only,case_11_0047,11,20
-2.933524939655417,4.102345969777949,3.163987760174404,0.0,8.0,1.0,0.0,full_orchestra,case_11_0021,11,20
-34.64190965941357,12.85305586188716,13.298850836186979,0.0,20.0,17.0,4.0,full_orchestra,case_11_0023,11,20
-3.786287416140235,3.7596750817133566,3.3673038681231446,0.0,11.0,0.0,0.0,full_orchestra,case_11_0026,11,20
-26.207332996836442,9.225407204544007,8.218990071989928,0.0,17.0,7.0,2.0,full_orchestra,case_11_0029,11,20
-6.29426598058506,5.147702041979845,4.4885753660651435,0.0,12.0,1.0,1.0,full_orchestra,case_11_0032,11,20
-28.315013576277842,9.578702909186944,9.369437265047678,0.0,19.0,11.0,3.0,full_orchestra,case_11_0040,11,20
-14.852452996966578,5.247078825108265,4.416352934026448,0.0,13.0,2.0,0.0,full_orchestra,case_11_0043,11,20
-23.45317186187354,7.357774482090284,7.048361908869699,0.0,18.0,6.0,2.0,full_orchestra,case_11_0045,11,20
-6.275784634751799,4.603161365865081,3.44715347905299,0.0,11.0,0.0,0.0,full_orchestra,case_11_0047,11,20
